[debug] [2026-06-19T12:52:48.975Z] ----------------------------------------------------------------------
[debug] [2026-06-19T12:52:48.976Z] Command:       /opt/homebrew/Cellar/node/25.2.1/bin/node /opt/homebrew/bin/firebase deploy --only hosting --project nizhgorodov-980e3 --non-interactive
[debug] [2026-06-19T12:52:48.976Z] CLI Version:   15.7.0
[debug] [2026-06-19T12:52:48.976Z] Platform:      darwin
[debug] [2026-06-19T12:52:48.977Z] Node Version:  v25.2.1
[debug] [2026-06-19T12:52:48.977Z] Time:          Fri Jun 19 2026 15:52:48 GMT+0300 (Moscow Standard Time)
[debug] [2026-06-19T12:52:48.977Z] ----------------------------------------------------------------------
[debug] 
[debug] [2026-06-19T12:52:48.977Z] >>> [apiv2][query] GET https://firebase-public.firebaseio.com/cli.json [none]
[debug] [2026-06-19T12:52:49.539Z] > command requires scopes: ["email","openid","https://www.googleapis.com/auth/cloudplatformprojects.readonly","https://www.googleapis.com/auth/firebase","https://www.googleapis.com/auth/cloud-platform"]
[debug] [2026-06-19T12:52:49.539Z] > authorizing via signed-in user (8900800700a@gmail.com)
[debug] [2026-06-19T12:52:49.539Z] [iam] checking project nizhgorodov-980e3 for permissions ["firebase.projects.get","firebasehosting.sites.update"]
[debug] [2026-06-19T12:52:49.539Z] Checked if tokens are valid: false, expires at: 1781730517707
[debug] [2026-06-19T12:52:49.539Z] Checked if tokens are valid: false, expires at: 1781730517707
[debug] [2026-06-19T12:52:49.539Z] > refreshing access token with scopes: []
[debug] [2026-06-19T12:52:49.540Z] >>> [apiv2][query] POST https://www.googleapis.com/oauth2/v3/token [none]
[debug] [2026-06-19T12:52:49.540Z] >>> [apiv2][body] POST https://www.googleapis.com/oauth2/v3/token [omitted]
[debug] [2026-06-19T12:52:49.783Z] <<< [apiv2][status] POST https://www.googleapis.com/oauth2/v3/token 200
[debug] [2026-06-19T12:52:49.783Z] <<< [apiv2][body] POST https://www.googleapis.com/oauth2/v3/token [omitted]
[debug] [2026-06-19T12:52:49.801Z] >>> [apiv2][query] POST https://cloudresourcemanager.googleapis.com/v1/projects/nizhgorodov-980e3:testIamPermissions [none]
[debug] [2026-06-19T12:52:49.802Z] >>> [apiv2][(partial)header] POST https://cloudresourcemanager.googleapis.com/v1/projects/nizhgorodov-980e3:testIamPermissions  x-goog-user-project=nizhgorodov-980e3
[debug] [2026-06-19T12:52:49.802Z] >>> [apiv2][body] POST https://cloudresourcemanager.googleapis.com/v1/projects/nizhgorodov-980e3:testIamPermissions {"permissions":["firebase.projects.get","firebasehosting.sites.update"]}
[debug] [2026-06-19T12:52:50.070Z] <<< [apiv2][status] GET https://firebase-public.firebaseio.com/cli.json 200
[debug] [2026-06-19T12:52:50.070Z] <<< [apiv2][body] GET https://firebase-public.firebaseio.com/cli.json {"cloudBuildErrorAfter":1594252800000,"cloudBuildWarnAfter":1590019200000,"defaultNode10After":1594252800000,"minVersion":"3.0.5","node8DeploysDisabledAfter":1613390400000,"node8RuntimeDisabledAfter":1615809600000,"node8WarnAfter":1600128000000}
[debug] [2026-06-19T12:52:50.686Z] <<< [apiv2][status] POST https://cloudresourcemanager.googleapis.com/v1/projects/nizhgorodov-980e3:testIamPermissions 200
[debug] [2026-06-19T12:52:50.686Z] <<< [apiv2][body] POST https://cloudresourcemanager.googleapis.com/v1/projects/nizhgorodov-980e3:testIamPermissions {"permissions":["firebase.projects.get","firebasehosting.sites.update"]}
[debug] [2026-06-19T12:52:50.687Z] Checked if tokens are valid: true, expires at: 1781877168784
[debug] [2026-06-19T12:52:50.687Z] Checked if tokens are valid: true, expires at: 1781877168784
[debug] [2026-06-19T12:52:50.688Z] >>> [apiv2][query] GET https://firebase.googleapis.com/v1beta1/projects/nizhgorodov-980e3 [none]
[debug] [2026-06-19T12:52:51.400Z] <<< [apiv2][status] GET https://firebase.googleapis.com/v1beta1/projects/nizhgorodov-980e3 200
[debug] [2026-06-19T12:52:51.400Z] <<< [apiv2][body] GET https://firebase.googleapis.com/v1beta1/projects/nizhgorodov-980e3 {"projectId":"nizhgorodov-980e3","projectNumber":"249283010080","displayName":"nizhgorodov","name":"projects/nizhgorodov-980e3","resources":{"hostingSite":"nizhgorodov-980e3"},"state":"ACTIVE","etag":"1_bac89f22-5c13-4f38-9160-2f12bc9431ec"}
[info] 
[info] === Deploying to 'nizhgorodov-980e3'...
[info] 
[info] i  deploying hosting 
[debug] [2026-06-19T12:52:51.404Z] Checked if tokens are valid: true, expires at: 1781877168784
[debug] [2026-06-19T12:52:51.404Z] Checked if tokens are valid: true, expires at: 1781877168784
[debug] [2026-06-19T12:52:51.405Z] >>> [apiv2][query] POST https://firebasehosting.googleapis.com/v1beta1/projects/-/sites/nizhgorodov-980e3/versions [none]
[debug] [2026-06-19T12:52:51.405Z] >>> [apiv2][body] POST https://firebasehosting.googleapis.com/v1beta1/projects/-/sites/nizhgorodov-980e3/versions {"status":"CREATED","labels":{"deployment-tool":"cli-firebase"}}
[debug] [2026-06-19T12:52:53.500Z] <<< [apiv2][status] POST https://firebasehosting.googleapis.com/v1beta1/projects/-/sites/nizhgorodov-980e3/versions 200
[debug] [2026-06-19T12:52:53.500Z] <<< [apiv2][body] POST https://firebasehosting.googleapis.com/v1beta1/projects/-/sites/nizhgorodov-980e3/versions {"name":"projects/249283010080/sites/nizhgorodov-980e3/versions/d354bb4d6155ac31","status":"CREATED","config":{},"labels":{"deployment-tool":"cli-firebase"}}
[info] i  hosting[nizhgorodov-980e3]: beginning deploy... 
[info] i  hosting[nizhgorodov-980e3]: found 29 files in build 
[debug] [2026-06-19T12:53:52.463Z] [hosting] uploading with 200 concurrency
[debug] [2026-06-19T12:53:52.478Z] Checked if tokens are valid: true, expires at: 1781877168784
[debug] [2026-06-19T12:53:52.478Z] Checked if tokens are valid: true, expires at: 1781877168784
[debug] [2026-06-19T12:53:52.479Z] [hosting] hash cache [YnVpbGQ] stored for 29 files
[debug] [2026-06-19T12:53:52.479Z] [hosting][hash queue][FINAL] {"max":12,"min":6,"avg":7.517241379310345,"active":0,"complete":29,"success":29,"errored":0,"retried":0,"total":29,"elapsed":14}
[debug] [2026-06-19T12:53:52.480Z] >>> [apiv2][query] POST https://firebasehosting.googleapis.com/v1beta1/projects/249283010080/sites/nizhgorodov-980e3/versions/d354bb4d6155ac31:populateFiles [none]
[debug] [2026-06-19T12:53:52.480Z] >>> [apiv2][body] POST https://firebasehosting.googleapis.com/v1beta1/projects/249283010080/sites/nizhgorodov-980e3/versions/d354bb4d6155ac31:populateFiles {"files":{"/sitemap.xml":"390ddc7613cb16aecfd3aff3b14c046c938a5628bde146c026cd05ee3abca6d7","/robots.txt":"15ebd5eee987a7f1469e112cc57715051a3f94fb368fd1deb3fdde37dbead0db","/favicon.svg":"5d87b9a98aa1af4b6e0142691fb92d2134b02308438d571624b77dd291ad5ba8","/logo/yandex.svg":"73b2a6d464bff5f562a81d068acd5fec30a5894baf4ff5f018166494e3348780","/logo/edya.svg":"b4d0b1000530f2062b459e4b9a6e114ca84095166ac4d5bc59dfff4a71ecf5b6","/_app/version.json":"834005b6b9365a81422837905f8db89d6a2c91d8701670e6dc3c1c623f5f0700","/_app/env.js":"b6422bbd2a0c5c86bc11dd510c32c124689f1abbb2498ede068c8222cf6cf07b","/logo/perfema.svg":"c70e76bf36b5a6b7916a091635477bce98665ab0c3041f8ac7fe9ea4525ce3b7","/_app/immutable/nodes/0.olt3V2F9.js":"010fc604486141c5e2963067b0f39afe8490d75be9067453c321b5a0712df08c","/_app/immutable/entry/start.BWmQCnhC.js":"09ec25a8fd9cdb31f1e36e52a752b70ec2df90308f6a3a3b0ab8e7c664a81ed1","/_app/immutable/nodes/1.BVvQf22S.js":"586cebfbe7ce49a4ad51f709a931442b9e4c46288aa3067dab48e0a2e27ce026","/edu/hse.svg":"3616db159c4297adf63984895acf0b8d6c7de0e23dcbb61e9342d5643c55c1d2","/_app/immutable/nodes/2.DZ0jFcR9.js":"c4d7972cfcfa032936803110386a6d2519e49a1595425211ac4d20b1e77def03","/_app/immutable/entry/app.BfDo6Qww.js":"2b89c71f8b22023a2757057b438174ad7defbf18518928e4a6be6e3809cd0299","/_app/immutable/chunks/u5BVSknf.js":"63f7ccf952c445471a0a02c5b27aa0a17386cd7afa8d850d4228436b1a158421","/_app/immutable/chunks/M-TRZ0L3.js":"cf4add2cf6a3ab99d1f0828da9bed0fd462eee5e8183eb52d68f1f7aac9f8e69","/_app/immutable/chunks/DgYvEj07.js":"55b29136d3bfed96b365bd56278a6d6f61619a7c0d4f8b88cbfbd112ebb723b5","/index.html":"6e9da511e2e0da7990cdda44f4df616efc7446ef876b30929543af82eb6f0892","/_app/immutable/chunks/Cn0noHvc.js":"0c87044dd79d5a48d66d61aa07626ea5b4edcbc9d8a695e823bfef2e60baf0fe","/_app/immutable/chunks/BdafB0SG.js":"cd7a9dc5e46fc0287c1ab3a0d3920e93c5d7c1276656d8c4162b3eefaf6e7780","/_app/immutable/assets/0.DfTZ7CI0.css":"60628f157b4437fdaa4313439017b379f1c9d764aa55a5b05261e59165b4858a","/_app/immutable/chunks/RPWgvl45.js":"a89d515dd36d19c971cedeb9b20e507cbc561092f2e5836ec99fd9ef74ea1228","/_app/immutable/chunks/f0ZZYz5Q.js":"06624b319c0c34fb5ed01c43b3874d5024fecaf01802f4c12625ba74104e8298","/edu/misis.png":"8dfbf865cc6f44ce3230afd34298d033edaea63c0b81e9cf9db4807607b75e03","/og.png":"fb7f0f47f33148b34c5c083ad956bb2bd29584cb2ab2255bd2a132df39ab56ca","/photo-2.jpg":"6c09a7dd27f85dcd21c883643a87186fd0ad7004bc2e0c1ff78d61c345ad6e3e","/photo-1.jpg":"98bec2a7adc2cb497cee250b2264cd0675e5ffaad135d3cf3bf62a6d19f0730d","/photo-3.jpg":"128adaa4e24a4ef6f1aee4f0c7c177a04142290d7ed5b4fbb3fbd1ac290205c1","/avatar.jpg":"98bec2a7adc2cb497cee250b2264cd0675e5ffaad135d3cf3bf62a6d19f0730d"}}
[debug] [2026-06-19T12:53:53.602Z] <<< [apiv2][status] POST https://firebasehosting.googleapis.com/v1beta1/projects/249283010080/sites/nizhgorodov-980e3/versions/d354bb4d6155ac31:populateFiles 200
[debug] [2026-06-19T12:53:53.603Z] <<< [apiv2][body] POST https://firebasehosting.googleapis.com/v1beta1/projects/249283010080/sites/nizhgorodov-980e3/versions/d354bb4d6155ac31:populateFiles {"uploadRequiredHashes":["834005b6b9365a81422837905f8db89d6a2c91d8701670e6dc3c1c623f5f0700","6e9da511e2e0da7990cdda44f4df616efc7446ef876b30929543af82eb6f0892","586cebfbe7ce49a4ad51f709a931442b9e4c46288aa3067dab48e0a2e27ce026","2b89c71f8b22023a2757057b438174ad7defbf18518928e4a6be6e3809cd0299","15ebd5eee987a7f1469e112cc57715051a3f94fb368fd1deb3fdde37dbead0db","390ddc7613cb16aecfd3aff3b14c046c938a5628bde146c026cd05ee3abca6d7","0c87044dd79d5a48d66d61aa07626ea5b4edcbc9d8a695e823bfef2e60baf0fe","fb7f0f47f33148b34c5c083ad956bb2bd29584cb2ab2255bd2a132df39ab56ca","09ec25a8fd9cdb31f1e36e52a752b70ec2df90308f6a3a3b0ab8e7c664a81ed1"],"uploadUrl":"https://upload-firebasehosting.googleapis.com/upload/sites/nizhgorodov-980e3/versions/d354bb4d6155ac31/files"}
[debug] [2026-06-19T12:53:53.603Z] Checked if tokens are valid: true, expires at: 1781877168784
[debug] [2026-06-19T12:53:53.604Z] Checked if tokens are valid: true, expires at: 1781877168784
[debug] [2026-06-19T12:53:53.604Z] Checked if tokens are valid: true, expires at: 1781877168784
[debug] [2026-06-19T12:53:53.604Z] Checked if tokens are valid: true, expires at: 1781877168784
[debug] [2026-06-19T12:53:53.604Z] Checked if tokens are valid: true, expires at: 1781877168784
[debug] [2026-06-19T12:53:53.604Z] Checked if tokens are valid: true, expires at: 1781877168784
[debug] [2026-06-19T12:53:53.604Z] Checked if tokens are valid: true, expires at: 1781877168784
[debug] [2026-06-19T12:53:53.604Z] Checked if tokens are valid: true, expires at: 1781877168784
[debug] [2026-06-19T12:53:53.604Z] Checked if tokens are valid: true, expires at: 1781877168784
[debug] [2026-06-19T12:53:53.604Z] Checked if tokens are valid: true, expires at: 1781877168784
[debug] [2026-06-19T12:53:53.604Z] Checked if tokens are valid: true, expires at: 1781877168784
[debug] [2026-06-19T12:53:53.604Z] Checked if tokens are valid: true, expires at: 1781877168784
[debug] [2026-06-19T12:53:53.604Z] Checked if tokens are valid: true, expires at: 1781877168784
[debug] [2026-06-19T12:53:53.604Z] Checked if tokens are valid: true, expires at: 1781877168784
[debug] [2026-06-19T12:53:53.605Z] Checked if tokens are valid: true, expires at: 1781877168784
[debug] [2026-06-19T12:53:53.605Z] Checked if tokens are valid: true, expires at: 1781877168784
[debug] [2026-06-19T12:53:53.605Z] Checked if tokens are valid: true, expires at: 1781877168784
[debug] [2026-06-19T12:53:53.605Z] Checked if tokens are valid: true, expires at: 1781877168784
[debug] [2026-06-19T12:53:53.605Z] >>> [apiv2][query] POST https://upload-firebasehosting.googleapis.com/upload/sites/nizhgorodov-980e3/versions/d354bb4d6155ac31/files/834005b6b9365a81422837905f8db89d6a2c91d8701670e6dc3c1c623f5f0700 [none]
[debug] [2026-06-19T12:53:53.605Z] >>> [apiv2][body] POST https://upload-firebasehosting.googleapis.com/upload/sites/nizhgorodov-980e3/versions/d354bb4d6155ac31/files/834005b6b9365a81422837905f8db89d6a2c91d8701670e6dc3c1c623f5f0700 [stream]
[debug] [2026-06-19T12:53:53.607Z] >>> [apiv2][query] POST https://upload-firebasehosting.googleapis.com/upload/sites/nizhgorodov-980e3/versions/d354bb4d6155ac31/files/6e9da511e2e0da7990cdda44f4df616efc7446ef876b30929543af82eb6f0892 [none]
[debug] [2026-06-19T12:53:53.607Z] >>> [apiv2][body] POST https://upload-firebasehosting.googleapis.com/upload/sites/nizhgorodov-980e3/versions/d354bb4d6155ac31/files/6e9da511e2e0da7990cdda44f4df616efc7446ef876b30929543af82eb6f0892 [stream]
[debug] [2026-06-19T12:53:53.609Z] >>> [apiv2][query] POST https://upload-firebasehosting.googleapis.com/upload/sites/nizhgorodov-980e3/versions/d354bb4d6155ac31/files/586cebfbe7ce49a4ad51f709a931442b9e4c46288aa3067dab48e0a2e27ce026 [none]
[debug] [2026-06-19T12:53:53.609Z] >>> [apiv2][body] POST https://upload-firebasehosting.googleapis.com/upload/sites/nizhgorodov-980e3/versions/d354bb4d6155ac31/files/586cebfbe7ce49a4ad51f709a931442b9e4c46288aa3067dab48e0a2e27ce026 [stream]
[debug] [2026-06-19T12:53:53.610Z] >>> [apiv2][query] POST https://upload-firebasehosting.googleapis.com/upload/sites/nizhgorodov-980e3/versions/d354bb4d6155ac31/files/2b89c71f8b22023a2757057b438174ad7defbf18518928e4a6be6e3809cd0299 [none]
[debug] [2026-06-19T12:53:53.610Z] >>> [apiv2][body] POST https://upload-firebasehosting.googleapis.com/upload/sites/nizhgorodov-980e3/versions/d354bb4d6155ac31/files/2b89c71f8b22023a2757057b438174ad7defbf18518928e4a6be6e3809cd0299 [stream]
[debug] [2026-06-19T12:53:53.610Z] >>> [apiv2][query] POST https://upload-firebasehosting.googleapis.com/upload/sites/nizhgorodov-980e3/versions/d354bb4d6155ac31/files/15ebd5eee987a7f1469e112cc57715051a3f94fb368fd1deb3fdde37dbead0db [none]
[debug] [2026-06-19T12:53:53.610Z] >>> [apiv2][body] POST https://upload-firebasehosting.googleapis.com/upload/sites/nizhgorodov-980e3/versions/d354bb4d6155ac31/files/15ebd5eee987a7f1469e112cc57715051a3f94fb368fd1deb3fdde37dbead0db [stream]
[debug] [2026-06-19T12:53:53.611Z] >>> [apiv2][query] POST https://upload-firebasehosting.googleapis.com/upload/sites/nizhgorodov-980e3/versions/d354bb4d6155ac31/files/390ddc7613cb16aecfd3aff3b14c046c938a5628bde146c026cd05ee3abca6d7 [none]
[debug] [2026-06-19T12:53:53.611Z] >>> [apiv2][body] POST https://upload-firebasehosting.googleapis.com/upload/sites/nizhgorodov-980e3/versions/d354bb4d6155ac31/files/390ddc7613cb16aecfd3aff3b14c046c938a5628bde146c026cd05ee3abca6d7 [stream]
[debug] [2026-06-19T12:53:53.611Z] >>> [apiv2][query] POST https://upload-firebasehosting.googleapis.com/upload/sites/nizhgorodov-980e3/versions/d354bb4d6155ac31/files/0c87044dd79d5a48d66d61aa07626ea5b4edcbc9d8a695e823bfef2e60baf0fe [none]
[debug] [2026-06-19T12:53:53.611Z] >>> [apiv2][body] POST https://upload-firebasehosting.googleapis.com/upload/sites/nizhgorodov-980e3/versions/d354bb4d6155ac31/files/0c87044dd79d5a48d66d61aa07626ea5b4edcbc9d8a695e823bfef2e60baf0fe [stream]
[debug] [2026-06-19T12:53:53.611Z] >>> [apiv2][query] POST https://upload-firebasehosting.googleapis.com/upload/sites/nizhgorodov-980e3/versions/d354bb4d6155ac31/files/fb7f0f47f33148b34c5c083ad956bb2bd29584cb2ab2255bd2a132df39ab56ca [none]
[debug] [2026-06-19T12:53:53.612Z] >>> [apiv2][body] POST https://upload-firebasehosting.googleapis.com/upload/sites/nizhgorodov-980e3/versions/d354bb4d6155ac31/files/fb7f0f47f33148b34c5c083ad956bb2bd29584cb2ab2255bd2a132df39ab56ca [stream]
[debug] [2026-06-19T12:53:53.612Z] >>> [apiv2][query] POST https://upload-firebasehosting.googleapis.com/upload/sites/nizhgorodov-980e3/versions/d354bb4d6155ac31/files/09ec25a8fd9cdb31f1e36e52a752b70ec2df90308f6a3a3b0ab8e7c664a81ed1 [none]
[debug] [2026-06-19T12:53:53.612Z] >>> [apiv2][body] POST https://upload-firebasehosting.googleapis.com/upload/sites/nizhgorodov-980e3/versions/d354bb4d6155ac31/files/09ec25a8fd9cdb31f1e36e52a752b70ec2df90308f6a3a3b0ab8e7c664a81ed1 [stream]
[debug] [2026-06-19T12:53:53.613Z] [hosting][populate queue][FINAL] {"max":1127,"min":1127,"avg":1127,"active":0,"complete":1,"success":1,"errored":0,"retried":0,"total":1,"elapsed":1135}
[debug] [2026-06-19T12:53:53.613Z] [hosting] uploads queued: 9
[info] i  hosting: uploading new files [0/9] (0%) 
[debug] [2026-06-19T12:53:54.894Z] <<< [apiv2][status] POST https://upload-firebasehosting.googleapis.com/upload/sites/nizhgorodov-980e3/versions/d354bb4d6155ac31/files/fb7f0f47f33148b34c5c083ad956bb2bd29584cb2ab2255bd2a132df39ab56ca 200
[debug] [2026-06-19T12:53:54.894Z] <<< [apiv2][body] POST https://upload-firebasehosting.googleapis.com/upload/sites/nizhgorodov-980e3/versions/d354bb4d6155ac31/files/fb7f0f47f33148b34c5c083ad956bb2bd29584cb2ab2255bd2a132df39ab56ca [stream]
[debug] [2026-06-19T12:53:54.901Z] <<< [apiv2][status] POST https://upload-firebasehosting.googleapis.com/upload/sites/nizhgorodov-980e3/versions/d354bb4d6155ac31/files/6e9da511e2e0da7990cdda44f4df616efc7446ef876b30929543af82eb6f0892 200
[debug] [2026-06-19T12:53:54.901Z] <<< [apiv2][body] POST https://upload-firebasehosting.googleapis.com/upload/sites/nizhgorodov-980e3/versions/d354bb4d6155ac31/files/6e9da511e2e0da7990cdda44f4df616efc7446ef876b30929543af82eb6f0892 [stream]
[debug] [2026-06-19T12:53:54.910Z] <<< [apiv2][status] POST https://upload-firebasehosting.googleapis.com/upload/sites/nizhgorodov-980e3/versions/d354bb4d6155ac31/files/0c87044dd79d5a48d66d61aa07626ea5b4edcbc9d8a695e823bfef2e60baf0fe 200
[debug] [2026-06-19T12:53:54.910Z] <<< [apiv2][body] POST https://upload-firebasehosting.googleapis.com/upload/sites/nizhgorodov-980e3/versions/d354bb4d6155ac31/files/0c87044dd79d5a48d66d61aa07626ea5b4edcbc9d8a695e823bfef2e60baf0fe [stream]
[debug] [2026-06-19T12:53:55.055Z] <<< [apiv2][status] POST https://upload-firebasehosting.googleapis.com/upload/sites/nizhgorodov-980e3/versions/d354bb4d6155ac31/files/390ddc7613cb16aecfd3aff3b14c046c938a5628bde146c026cd05ee3abca6d7 200
[debug] [2026-06-19T12:53:55.056Z] <<< [apiv2][body] POST https://upload-firebasehosting.googleapis.com/upload/sites/nizhgorodov-980e3/versions/d354bb4d6155ac31/files/390ddc7613cb16aecfd3aff3b14c046c938a5628bde146c026cd05ee3abca6d7 [stream]
[debug] [2026-06-19T12:53:55.064Z] <<< [apiv2][status] POST https://upload-firebasehosting.googleapis.com/upload/sites/nizhgorodov-980e3/versions/d354bb4d6155ac31/files/834005b6b9365a81422837905f8db89d6a2c91d8701670e6dc3c1c623f5f0700 200
[debug] [2026-06-19T12:53:55.064Z] <<< [apiv2][body] POST https://upload-firebasehosting.googleapis.com/upload/sites/nizhgorodov-980e3/versions/d354bb4d6155ac31/files/834005b6b9365a81422837905f8db89d6a2c91d8701670e6dc3c1c623f5f0700 [stream]
[debug] [2026-06-19T12:53:55.173Z] <<< [apiv2][status] POST https://upload-firebasehosting.googleapis.com/upload/sites/nizhgorodov-980e3/versions/d354bb4d6155ac31/files/2b89c71f8b22023a2757057b438174ad7defbf18518928e4a6be6e3809cd0299 200
[debug] [2026-06-19T12:53:55.173Z] <<< [apiv2][body] POST https://upload-firebasehosting.googleapis.com/upload/sites/nizhgorodov-980e3/versions/d354bb4d6155ac31/files/2b89c71f8b22023a2757057b438174ad7defbf18518928e4a6be6e3809cd0299 [stream]
[debug] [2026-06-19T12:53:55.174Z] <<< [apiv2][status] POST https://upload-firebasehosting.googleapis.com/upload/sites/nizhgorodov-980e3/versions/d354bb4d6155ac31/files/586cebfbe7ce49a4ad51f709a931442b9e4c46288aa3067dab48e0a2e27ce026 200
[debug] [2026-06-19T12:53:55.174Z] <<< [apiv2][body] POST https://upload-firebasehosting.googleapis.com/upload/sites/nizhgorodov-980e3/versions/d354bb4d6155ac31/files/586cebfbe7ce49a4ad51f709a931442b9e4c46288aa3067dab48e0a2e27ce026 [stream]
[debug] [2026-06-19T12:53:55.243Z] <<< [apiv2][status] POST https://upload-firebasehosting.googleapis.com/upload/sites/nizhgorodov-980e3/versions/d354bb4d6155ac31/files/09ec25a8fd9cdb31f1e36e52a752b70ec2df90308f6a3a3b0ab8e7c664a81ed1 200
[debug] [2026-06-19T12:53:55.244Z] <<< [apiv2][body] POST https://upload-firebasehosting.googleapis.com/upload/sites/nizhgorodov-980e3/versions/d354bb4d6155ac31/files/09ec25a8fd9cdb31f1e36e52a752b70ec2df90308f6a3a3b0ab8e7c664a81ed1 [stream]
[debug] [2026-06-19T12:53:55.380Z] <<< [apiv2][status] POST https://upload-firebasehosting.googleapis.com/upload/sites/nizhgorodov-980e3/versions/d354bb4d6155ac31/files/15ebd5eee987a7f1469e112cc57715051a3f94fb368fd1deb3fdde37dbead0db 200
[debug] [2026-06-19T12:53:55.381Z] <<< [apiv2][body] POST https://upload-firebasehosting.googleapis.com/upload/sites/nizhgorodov-980e3/versions/d354bb4d6155ac31/files/15ebd5eee987a7f1469e112cc57715051a3f94fb368fd1deb3fdde37dbead0db [stream]
[debug] [2026-06-19T12:53:55.381Z] [hosting][upload queue][FINAL] {"max":1777,"min":1290,"avg":1484.6666666666667,"active":0,"complete":9,"success":9,"errored":0,"retried":0,"total":9,"elapsed":1778}
[info] i  hosting: upload complete 
[info] ✔  hosting[nizhgorodov-980e3]: file upload complete 
[debug] [2026-06-19T12:53:55.382Z] [hosting] deploy completed after 2931ms
[debug] [2026-06-19T12:53:55.382Z] [
  {
    "config": {
      "public": "build",
      "cleanUrls": true,
      "ignore": [
        "firebase.json",
        "**/.*",
        "**/node_modules/**"
      ],
      "site": "nizhgorodov-980e3"
    },
    "version": "projects/249283010080/sites/nizhgorodov-980e3/versions/d354bb4d6155ac31"
  }
]
[info] i  hosting[nizhgorodov-980e3]: finalizing version... 
[debug] [2026-06-19T12:53:55.384Z] Checked if tokens are valid: true, expires at: 1781877168784
[debug] [2026-06-19T12:53:55.384Z] Checked if tokens are valid: true, expires at: 1781877168784
[debug] [2026-06-19T12:53:55.385Z] >>> [apiv2][query] PATCH https://firebasehosting.googleapis.com/v1beta1/projects/-/sites/nizhgorodov-980e3/versions/d354bb4d6155ac31 updateMask=status%2Cconfig
[debug] [2026-06-19T12:53:55.385Z] >>> [apiv2][body] PATCH https://firebasehosting.googleapis.com/v1beta1/projects/-/sites/nizhgorodov-980e3/versions/d354bb4d6155ac31 {"status":"FINALIZED","config":{"cleanUrls":true}}
[debug] [2026-06-19T12:53:57.156Z] <<< [apiv2][status] PATCH https://firebasehosting.googleapis.com/v1beta1/projects/-/sites/nizhgorodov-980e3/versions/d354bb4d6155ac31 200
[debug] [2026-06-19T12:53:57.156Z] <<< [apiv2][body] PATCH https://firebasehosting.googleapis.com/v1beta1/projects/-/sites/nizhgorodov-980e3/versions/d354bb4d6155ac31 {"name":"projects/249283010080/sites/nizhgorodov-980e3/versions/d354bb4d6155ac31","status":"FINALIZED","config":{"cleanUrls":true},"labels":{"deployment-tool":"cli-firebase"},"createTime":"2026-06-19T12:52:52.130558Z","createUser":{"email":"8900800700a@gmail.com"},"finalizeTime":"2026-06-19T12:53:56.956030Z","finalizeUser":{"email":"8900800700a@gmail.com"}}
[debug] [2026-06-19T12:53:57.156Z] [hosting] finalized version for nizhgorodov-980e3:[object Object]
[info] ✔  hosting[nizhgorodov-980e3]: version finalized 
[info] i  hosting[nizhgorodov-980e3]: releasing new version... 
[debug] [2026-06-19T12:53:57.157Z] Checked if tokens are valid: true, expires at: 1781877168784
[debug] [2026-06-19T12:53:57.157Z] Checked if tokens are valid: true, expires at: 1781877168784
[debug] [2026-06-19T12:53:57.157Z] >>> [apiv2][query] POST https://firebasehosting.googleapis.com/v1beta1/projects/-/sites/nizhgorodov-980e3/channels/live/releases versionName=projects%2F249283010080%2Fsites%2Fnizhgorodov-980e3%2Fversions%2Fd354bb4d6155ac31
[debug] [2026-06-19T12:53:57.157Z] >>> [apiv2][body] POST https://firebasehosting.googleapis.com/v1beta1/projects/-/sites/nizhgorodov-980e3/channels/live/releases {}
[debug] [2026-06-19T12:53:59.096Z] <<< [apiv2][status] POST https://firebasehosting.googleapis.com/v1beta1/projects/-/sites/nizhgorodov-980e3/channels/live/releases 200
[debug] [2026-06-19T12:53:59.097Z] <<< [apiv2][body] POST https://firebasehosting.googleapis.com/v1beta1/projects/-/sites/nizhgorodov-980e3/channels/live/releases {"name":"projects/249283010080/sites/nizhgorodov-980e3/channels/live/releases/1781873637967000","version":{"name":"projects/249283010080/sites/nizhgorodov-980e3/versions/d354bb4d6155ac31","status":"FINALIZED","config":{"cleanUrls":true},"labels":{"deployment-tool":"cli-firebase"},"createTime":"2026-06-19T12:52:52.130558Z","createUser":{"email":"8900800700a@gmail.com","imageUrl":"https://lh3.googleusercontent.com/a/ACg8ocL_atsCL6wFE296dBchzV5cZaKTqVlSDOvpAgDzQ1bDpEjiudRv"},"finalizeTime":"2026-06-19T12:53:56.956030Z","finalizeUser":{"email":"8900800700a@gmail.com","imageUrl":"https://lh3.googleusercontent.com/a/ACg8ocL_atsCL6wFE296dBchzV5cZaKTqVlSDOvpAgDzQ1bDpEjiudRv"}},"type":"DEPLOY","releaseTime":"2026-06-19T12:53:57.967Z","releaseUser":{"email":"8900800700a@gmail.com","imageUrl":"https://lh3.googleusercontent.com/a/ACg8ocL_atsCL6wFE296dBchzV5cZaKTqVlSDOvpAgDzQ1bDpEjiudRv"}}
[debug] [2026-06-19T12:53:59.097Z] [hosting] release: {"name":"projects/249283010080/sites/nizhgorodov-980e3/channels/live/releases/1781873637967000","version":{"name":"projects/249283010080/sites/nizhgorodov-980e3/versions/d354bb4d6155ac31","status":"FINALIZED","config":{"cleanUrls":true},"labels":{"deployment-tool":"cli-firebase"},"createTime":"2026-06-19T12:52:52.130558Z","createUser":{"email":"8900800700a@gmail.com","imageUrl":"https://lh3.googleusercontent.com/a/ACg8ocL_atsCL6wFE296dBchzV5cZaKTqVlSDOvpAgDzQ1bDpEjiudRv"},"finalizeTime":"2026-06-19T12:53:56.956030Z","finalizeUser":{"email":"8900800700a@gmail.com","imageUrl":"https://lh3.googleusercontent.com/a/ACg8ocL_atsCL6wFE296dBchzV5cZaKTqVlSDOvpAgDzQ1bDpEjiudRv"}},"type":"DEPLOY","releaseTime":"2026-06-19T12:53:57.967Z","releaseUser":{"email":"8900800700a@gmail.com","imageUrl":"https://lh3.googleusercontent.com/a/ACg8ocL_atsCL6wFE296dBchzV5cZaKTqVlSDOvpAgDzQ1bDpEjiudRv"}}
[info] ✔  hosting[nizhgorodov-980e3]: release complete 
[info] 
[info] ✔  Deploy complete! 
[info] 
[info] Project Console: https://console.firebase.google.com/project/nizhgorodov-980e3/overview
[info] Hosting URL: https://nizhgorodov-980e3.web.app
[debug] [2026-06-19T12:54:09.107Z] Error: Timed out.
    at Timeout._onTimeout (/opt/homebrew/lib/node_modules/firebase-tools/lib/utils.js:308:49)
    at listOnTimeout (node:internal/timers:605:17)
    at process.processTimers (node:internal/timers:541:7)
[error] 
[error] Error: An unexpected error has occurred.
[debug] [2026-06-19T13:01:06.031Z] ----------------------------------------------------------------------
[debug] [2026-06-19T13:01:06.032Z] Command:       /opt/homebrew/Cellar/node/25.2.1/bin/node /opt/homebrew/bin/firebase deploy --only hosting --project nizhgorodov-980e3 --non-interactive
[debug] [2026-06-19T13:01:06.032Z] CLI Version:   15.7.0
[debug] [2026-06-19T13:01:06.032Z] Platform:      darwin
[debug] [2026-06-19T13:01:06.032Z] Node Version:  v25.2.1
[debug] [2026-06-19T13:01:06.033Z] Time:          Fri Jun 19 2026 16:01:06 GMT+0300 (Moscow Standard Time)
[debug] [2026-06-19T13:01:06.033Z] ----------------------------------------------------------------------
[debug] 
[debug] [2026-06-19T13:01:06.854Z] > command requires scopes: ["email","openid","https://www.googleapis.com/auth/cloudplatformprojects.readonly","https://www.googleapis.com/auth/firebase","https://www.googleapis.com/auth/cloud-platform"]
[debug] [2026-06-19T13:01:06.854Z] > authorizing via signed-in user (8900800700a@gmail.com)
[debug] [2026-06-19T13:01:06.854Z] [iam] checking project nizhgorodov-980e3 for permissions ["firebase.projects.get","firebasehosting.sites.update"]
[debug] [2026-06-19T13:01:06.854Z] Checked if tokens are valid: true, expires at: 1781877168784
[debug] [2026-06-19T13:01:06.855Z] Checked if tokens are valid: true, expires at: 1781877168784
[debug] [2026-06-19T13:01:06.855Z] >>> [apiv2][query] POST https://cloudresourcemanager.googleapis.com/v1/projects/nizhgorodov-980e3:testIamPermissions [none]
[debug] [2026-06-19T13:01:06.855Z] >>> [apiv2][(partial)header] POST https://cloudresourcemanager.googleapis.com/v1/projects/nizhgorodov-980e3:testIamPermissions  x-goog-user-project=nizhgorodov-980e3
[debug] [2026-06-19T13:01:06.855Z] >>> [apiv2][body] POST https://cloudresourcemanager.googleapis.com/v1/projects/nizhgorodov-980e3:testIamPermissions {"permissions":["firebase.projects.get","firebasehosting.sites.update"]}
[debug] [2026-06-19T13:01:07.799Z] <<< [apiv2][status] POST https://cloudresourcemanager.googleapis.com/v1/projects/nizhgorodov-980e3:testIamPermissions 200
[debug] [2026-06-19T13:01:07.799Z] <<< [apiv2][body] POST https://cloudresourcemanager.googleapis.com/v1/projects/nizhgorodov-980e3:testIamPermissions {"permissions":["firebase.projects.get","firebasehosting.sites.update"]}
[debug] [2026-06-19T13:01:07.800Z] Checked if tokens are valid: true, expires at: 1781877168784
[debug] [2026-06-19T13:01:07.800Z] Checked if tokens are valid: true, expires at: 1781877168784
[debug] [2026-06-19T13:01:07.800Z] >>> [apiv2][query] GET https://firebase.googleapis.com/v1beta1/projects/nizhgorodov-980e3 [none]
[debug] [2026-06-19T13:01:14.010Z] <<< [apiv2][status] GET https://firebase.googleapis.com/v1beta1/projects/nizhgorodov-980e3 200
[debug] [2026-06-19T13:01:14.010Z] <<< [apiv2][body] GET https://firebase.googleapis.com/v1beta1/projects/nizhgorodov-980e3 {"projectId":"nizhgorodov-980e3","projectNumber":"249283010080","displayName":"nizhgorodov","name":"projects/nizhgorodov-980e3","resources":{"hostingSite":"nizhgorodov-980e3"},"state":"ACTIVE","etag":"1_bac89f22-5c13-4f38-9160-2f12bc9431ec"}
[info] 
[info] === Deploying to 'nizhgorodov-980e3'...
[info] 
[info] i  deploying hosting 
[debug] [2026-06-19T13:01:14.017Z] Checked if tokens are valid: true, expires at: 1781877168784
[debug] [2026-06-19T13:01:14.017Z] Checked if tokens are valid: true, expires at: 1781877168784
[debug] [2026-06-19T13:01:14.018Z] >>> [apiv2][query] POST https://firebasehosting.googleapis.com/v1beta1/projects/-/sites/nizhgorodov-980e3/versions [none]
[debug] [2026-06-19T13:01:14.018Z] >>> [apiv2][body] POST https://firebasehosting.googleapis.com/v1beta1/projects/-/sites/nizhgorodov-980e3/versions {"status":"CREATED","labels":{"deployment-tool":"cli-firebase"}}
[debug] [2026-06-19T13:01:15.985Z] <<< [apiv2][status] POST https://firebasehosting.googleapis.com/v1beta1/projects/-/sites/nizhgorodov-980e3/versions 200
[debug] [2026-06-19T13:01:15.986Z] <<< [apiv2][body] POST https://firebasehosting.googleapis.com/v1beta1/projects/-/sites/nizhgorodov-980e3/versions {"name":"projects/249283010080/sites/nizhgorodov-980e3/versions/a6f07555cc8087d1","status":"CREATED","config":{},"labels":{"deployment-tool":"cli-firebase"}}
[info] i  hosting[nizhgorodov-980e3]: beginning deploy... 
[info] i  hosting[nizhgorodov-980e3]: found 29 files in build 
[debug] [2026-06-19T13:02:15.075Z] [hosting] uploading with 200 concurrency
[debug] [2026-06-19T13:02:15.090Z] Checked if tokens are valid: true, expires at: 1781877168784
[debug] [2026-06-19T13:02:15.090Z] Checked if tokens are valid: true, expires at: 1781877168784
[debug] [2026-06-19T13:02:15.091Z] [hosting] hash cache [YnVpbGQ] stored for 29 files
[debug] [2026-06-19T13:02:15.091Z] [hosting][hash queue][FINAL] {"max":12,"min":6,"avg":7.482758620689655,"active":0,"complete":29,"success":29,"errored":0,"retried":0,"total":29,"elapsed":14}
[debug] [2026-06-19T13:02:15.091Z] >>> [apiv2][query] POST https://firebasehosting.googleapis.com/v1beta1/projects/249283010080/sites/nizhgorodov-980e3/versions/a6f07555cc8087d1:populateFiles [none]
[debug] [2026-06-19T13:02:15.091Z] >>> [apiv2][body] POST https://firebasehosting.googleapis.com/v1beta1/projects/249283010080/sites/nizhgorodov-980e3/versions/a6f07555cc8087d1:populateFiles {"files":{"/sitemap.xml":"390ddc7613cb16aecfd3aff3b14c046c938a5628bde146c026cd05ee3abca6d7","/robots.txt":"15ebd5eee987a7f1469e112cc57715051a3f94fb368fd1deb3fdde37dbead0db","/favicon.svg":"5d87b9a98aa1af4b6e0142691fb92d2134b02308438d571624b77dd291ad5ba8","/logo/yandex.svg":"73b2a6d464bff5f562a81d068acd5fec30a5894baf4ff5f018166494e3348780","/logo/edya.svg":"b4d0b1000530f2062b459e4b9a6e114ca84095166ac4d5bc59dfff4a71ecf5b6","/logo/perfema.svg":"c70e76bf36b5a6b7916a091635477bce98665ab0c3041f8ac7fe9ea4525ce3b7","/_app/version.json":"4cdb517d6cebe97860586c7eef483355b947c2460a0afa0d1e2cf8f1162a2f31","/_app/env.js":"b6422bbd2a0c5c86bc11dd510c32c124689f1abbb2498ede068c8222cf6cf07b","/_app/immutable/nodes/1.CK_tUrOx.js":"90d9fc0dddc73a4010df79b1058c464df7649fb11aab9540a4f4162356a10a40","/_app/immutable/entry/start.CvtNmDKL.js":"c28ca73dd41ed19e00c39891f0649b612c5556626151a07bcf8c136257c9e0f3","/_app/immutable/entry/app.C7viqjkj.js":"c18204ee92124c96352be2a56bde9b6a68849ba02dce6bf6cbe2a6a44c41100a","/_app/immutable/nodes/2.DZ0jFcR9.js":"c4d7972cfcfa032936803110386a6d2519e49a1595425211ac4d20b1e77def03","/_app/immutable/chunks/M-TRZ0L3.js":"cf4add2cf6a3ab99d1f0828da9bed0fd462eee5e8183eb52d68f1f7aac9f8e69","/_app/immutable/nodes/0.olt3V2F9.js":"010fc604486141c5e2963067b0f39afe8490d75be9067453c321b5a0712df08c","/_app/immutable/chunks/DgYvEj07.js":"55b29136d3bfed96b365bd56278a6d6f61619a7c0d4f8b88cbfbd112ebb723b5","/edu/hse.svg":"3616db159c4297adf63984895acf0b8d6c7de0e23dcbb61e9342d5643c55c1d2","/_app/immutable/chunks/u5BVSknf.js":"63f7ccf952c445471a0a02c5b27aa0a17386cd7afa8d850d4228436b1a158421","/_app/immutable/chunks/BdafB0SG.js":"cd7a9dc5e46fc0287c1ab3a0d3920e93c5d7c1276656d8c4162b3eefaf6e7780","/_app/immutable/assets/0.DfTZ7CI0.css":"60628f157b4437fdaa4313439017b379f1c9d764aa55a5b05261e59165b4858a","/index.html":"daad7abd1988480116325b6efc61f0bbee74d3d1abfe3adc278399cea26f5456","/_app/immutable/chunks/RPWgvl45.js":"a89d515dd36d19c971cedeb9b20e507cbc561092f2e5836ec99fd9ef74ea1228","/_app/immutable/chunks/BYTSAz01.js":"9da7f969d1803338c55ec70686c749a3c354d1a21c3a95daf70e70a949f8b7cf","/_app/immutable/chunks/f0ZZYz5Q.js":"06624b319c0c34fb5ed01c43b3874d5024fecaf01802f4c12625ba74104e8298","/edu/misis.png":"8dfbf865cc6f44ce3230afd34298d033edaea63c0b81e9cf9db4807607b75e03","/og.png":"fb7f0f47f33148b34c5c083ad956bb2bd29584cb2ab2255bd2a132df39ab56ca","/photo-2.jpg":"6c09a7dd27f85dcd21c883643a87186fd0ad7004bc2e0c1ff78d61c345ad6e3e","/photo-3.jpg":"128adaa4e24a4ef6f1aee4f0c7c177a04142290d7ed5b4fbb3fbd1ac290205c1","/avatar.jpg":"98bec2a7adc2cb497cee250b2264cd0675e5ffaad135d3cf3bf62a6d19f0730d","/photo-1.jpg":"98bec2a7adc2cb497cee250b2264cd0675e5ffaad135d3cf3bf62a6d19f0730d"}}
[debug] [2026-06-19T13:02:16.299Z] <<< [apiv2][status] POST https://firebasehosting.googleapis.com/v1beta1/projects/249283010080/sites/nizhgorodov-980e3/versions/a6f07555cc8087d1:populateFiles 200
[debug] [2026-06-19T13:02:16.299Z] <<< [apiv2][body] POST https://firebasehosting.googleapis.com/v1beta1/projects/249283010080/sites/nizhgorodov-980e3/versions/a6f07555cc8087d1:populateFiles {"uploadRequiredHashes":["daad7abd1988480116325b6efc61f0bbee74d3d1abfe3adc278399cea26f5456","c18204ee92124c96352be2a56bde9b6a68849ba02dce6bf6cbe2a6a44c41100a","4cdb517d6cebe97860586c7eef483355b947c2460a0afa0d1e2cf8f1162a2f31","9da7f969d1803338c55ec70686c749a3c354d1a21c3a95daf70e70a949f8b7cf","90d9fc0dddc73a4010df79b1058c464df7649fb11aab9540a4f4162356a10a40","c28ca73dd41ed19e00c39891f0649b612c5556626151a07bcf8c136257c9e0f3"],"uploadUrl":"https://upload-firebasehosting.googleapis.com/upload/sites/nizhgorodov-980e3/versions/a6f07555cc8087d1/files"}
[debug] [2026-06-19T13:02:16.300Z] Checked if tokens are valid: true, expires at: 1781877168784
[debug] [2026-06-19T13:02:16.300Z] Checked if tokens are valid: true, expires at: 1781877168784
[debug] [2026-06-19T13:02:16.301Z] Checked if tokens are valid: true, expires at: 1781877168784
[debug] [2026-06-19T13:02:16.301Z] Checked if tokens are valid: true, expires at: 1781877168784
[debug] [2026-06-19T13:02:16.301Z] Checked if tokens are valid: true, expires at: 1781877168784
[debug] [2026-06-19T13:02:16.301Z] Checked if tokens are valid: true, expires at: 1781877168784
[debug] [2026-06-19T13:02:16.301Z] Checked if tokens are valid: true, expires at: 1781877168784
[debug] [2026-06-19T13:02:16.301Z] Checked if tokens are valid: true, expires at: 1781877168784
[debug] [2026-06-19T13:02:16.301Z] Checked if tokens are valid: true, expires at: 1781877168784
[debug] [2026-06-19T13:02:16.301Z] Checked if tokens are valid: true, expires at: 1781877168784
[debug] [2026-06-19T13:02:16.301Z] Checked if tokens are valid: true, expires at: 1781877168784
[debug] [2026-06-19T13:02:16.301Z] Checked if tokens are valid: true, expires at: 1781877168784
[debug] [2026-06-19T13:02:16.301Z] >>> [apiv2][query] POST https://upload-firebasehosting.googleapis.com/upload/sites/nizhgorodov-980e3/versions/a6f07555cc8087d1/files/daad7abd1988480116325b6efc61f0bbee74d3d1abfe3adc278399cea26f5456 [none]
[debug] [2026-06-19T13:02:16.301Z] >>> [apiv2][body] POST https://upload-firebasehosting.googleapis.com/upload/sites/nizhgorodov-980e3/versions/a6f07555cc8087d1/files/daad7abd1988480116325b6efc61f0bbee74d3d1abfe3adc278399cea26f5456 [stream]
[debug] [2026-06-19T13:02:16.303Z] >>> [apiv2][query] POST https://upload-firebasehosting.googleapis.com/upload/sites/nizhgorodov-980e3/versions/a6f07555cc8087d1/files/c18204ee92124c96352be2a56bde9b6a68849ba02dce6bf6cbe2a6a44c41100a [none]
[debug] [2026-06-19T13:02:16.303Z] >>> [apiv2][body] POST https://upload-firebasehosting.googleapis.com/upload/sites/nizhgorodov-980e3/versions/a6f07555cc8087d1/files/c18204ee92124c96352be2a56bde9b6a68849ba02dce6bf6cbe2a6a44c41100a [stream]
[debug] [2026-06-19T13:02:16.304Z] >>> [apiv2][query] POST https://upload-firebasehosting.googleapis.com/upload/sites/nizhgorodov-980e3/versions/a6f07555cc8087d1/files/4cdb517d6cebe97860586c7eef483355b947c2460a0afa0d1e2cf8f1162a2f31 [none]
[debug] [2026-06-19T13:02:16.304Z] >>> [apiv2][body] POST https://upload-firebasehosting.googleapis.com/upload/sites/nizhgorodov-980e3/versions/a6f07555cc8087d1/files/4cdb517d6cebe97860586c7eef483355b947c2460a0afa0d1e2cf8f1162a2f31 [stream]
[debug] [2026-06-19T13:02:16.305Z] >>> [apiv2][query] POST https://upload-firebasehosting.googleapis.com/upload/sites/nizhgorodov-980e3/versions/a6f07555cc8087d1/files/9da7f969d1803338c55ec70686c749a3c354d1a21c3a95daf70e70a949f8b7cf [none]
[debug] [2026-06-19T13:02:16.305Z] >>> [apiv2][body] POST https://upload-firebasehosting.googleapis.com/upload/sites/nizhgorodov-980e3/versions/a6f07555cc8087d1/files/9da7f969d1803338c55ec70686c749a3c354d1a21c3a95daf70e70a949f8b7cf [stream]
[debug] [2026-06-19T13:02:16.306Z] >>> [apiv2][query] POST https://upload-firebasehosting.googleapis.com/upload/sites/nizhgorodov-980e3/versions/a6f07555cc8087d1/files/90d9fc0dddc73a4010df79b1058c464df7649fb11aab9540a4f4162356a10a40 [none]
[debug] [2026-06-19T13:02:16.306Z] >>> [apiv2][body] POST https://upload-firebasehosting.googleapis.com/upload/sites/nizhgorodov-980e3/versions/a6f07555cc8087d1/files/90d9fc0dddc73a4010df79b1058c464df7649fb11aab9540a4f4162356a10a40 [stream]
[debug] [2026-06-19T13:02:16.307Z] >>> [apiv2][query] POST https://upload-firebasehosting.googleapis.com/upload/sites/nizhgorodov-980e3/versions/a6f07555cc8087d1/files/c28ca73dd41ed19e00c39891f0649b612c5556626151a07bcf8c136257c9e0f3 [none]
[debug] [2026-06-19T13:02:16.307Z] >>> [apiv2][body] POST https://upload-firebasehosting.googleapis.com/upload/sites/nizhgorodov-980e3/versions/a6f07555cc8087d1/files/c28ca73dd41ed19e00c39891f0649b612c5556626151a07bcf8c136257c9e0f3 [stream]
[debug] [2026-06-19T13:02:16.307Z] [hosting][populate queue][FINAL] {"max":1211,"min":1211,"avg":1211,"active":0,"complete":1,"success":1,"errored":0,"retried":0,"total":1,"elapsed":1217}
[debug] [2026-06-19T13:02:16.307Z] [hosting] uploads queued: 6
[info] i  hosting: uploading new files [0/6] (0%) 
[info] i  hosting: uploading new files [0/6] (0%) 
[info] i  hosting: uploading new files [0/6] (0%) 
[debug] [2026-06-19T13:02:22.443Z] <<< [apiv2][status] POST https://upload-firebasehosting.googleapis.com/upload/sites/nizhgorodov-980e3/versions/a6f07555cc8087d1/files/c18204ee92124c96352be2a56bde9b6a68849ba02dce6bf6cbe2a6a44c41100a 200
[debug] [2026-06-19T13:02:22.444Z] <<< [apiv2][body] POST https://upload-firebasehosting.googleapis.com/upload/sites/nizhgorodov-980e3/versions/a6f07555cc8087d1/files/c18204ee92124c96352be2a56bde9b6a68849ba02dce6bf6cbe2a6a44c41100a [stream]
[debug] [2026-06-19T13:02:22.745Z] <<< [apiv2][status] POST https://upload-firebasehosting.googleapis.com/upload/sites/nizhgorodov-980e3/versions/a6f07555cc8087d1/files/daad7abd1988480116325b6efc61f0bbee74d3d1abfe3adc278399cea26f5456 200
[debug] [2026-06-19T13:02:22.746Z] <<< [apiv2][body] POST https://upload-firebasehosting.googleapis.com/upload/sites/nizhgorodov-980e3/versions/a6f07555cc8087d1/files/daad7abd1988480116325b6efc61f0bbee74d3d1abfe3adc278399cea26f5456 [stream]
[debug] [2026-06-19T13:02:22.920Z] <<< [apiv2][status] POST https://upload-firebasehosting.googleapis.com/upload/sites/nizhgorodov-980e3/versions/a6f07555cc8087d1/files/4cdb517d6cebe97860586c7eef483355b947c2460a0afa0d1e2cf8f1162a2f31 200
[debug] [2026-06-19T13:02:22.920Z] <<< [apiv2][body] POST https://upload-firebasehosting.googleapis.com/upload/sites/nizhgorodov-980e3/versions/a6f07555cc8087d1/files/4cdb517d6cebe97860586c7eef483355b947c2460a0afa0d1e2cf8f1162a2f31 [stream]
[debug] [2026-06-19T13:02:22.941Z] <<< [apiv2][status] POST https://upload-firebasehosting.googleapis.com/upload/sites/nizhgorodov-980e3/versions/a6f07555cc8087d1/files/90d9fc0dddc73a4010df79b1058c464df7649fb11aab9540a4f4162356a10a40 200
[debug] [2026-06-19T13:02:22.941Z] <<< [apiv2][body] POST https://upload-firebasehosting.googleapis.com/upload/sites/nizhgorodov-980e3/versions/a6f07555cc8087d1/files/90d9fc0dddc73a4010df79b1058c464df7649fb11aab9540a4f4162356a10a40 [stream]
[debug] [2026-06-19T13:02:23.018Z] <<< [apiv2][status] POST https://upload-firebasehosting.googleapis.com/upload/sites/nizhgorodov-980e3/versions/a6f07555cc8087d1/files/9da7f969d1803338c55ec70686c749a3c354d1a21c3a95daf70e70a949f8b7cf 200
[debug] [2026-06-19T13:02:23.018Z] <<< [apiv2][body] POST https://upload-firebasehosting.googleapis.com/upload/sites/nizhgorodov-980e3/versions/a6f07555cc8087d1/files/9da7f969d1803338c55ec70686c749a3c354d1a21c3a95daf70e70a949f8b7cf [stream]
[info] i  hosting: uploading new files [5/6] (83%) 
[debug] [2026-06-19T13:02:23.288Z] <<< [apiv2][status] POST https://upload-firebasehosting.googleapis.com/upload/sites/nizhgorodov-980e3/versions/a6f07555cc8087d1/files/c28ca73dd41ed19e00c39891f0649b612c5556626151a07bcf8c136257c9e0f3 200
[debug] [2026-06-19T13:02:23.288Z] <<< [apiv2][body] POST https://upload-firebasehosting.googleapis.com/upload/sites/nizhgorodov-980e3/versions/a6f07555cc8087d1/files/c28ca73dd41ed19e00c39891f0649b612c5556626151a07bcf8c136257c9e0f3 [stream]
[debug] [2026-06-19T13:02:23.288Z] [hosting][upload queue][FINAL] {"max":6987,"min":6144,"avg":6592.166666666667,"active":0,"complete":6,"success":6,"errored":0,"retried":0,"total":6,"elapsed":6988}
[info] i  hosting: upload complete 
[info] ✔  hosting[nizhgorodov-980e3]: file upload complete 
[debug] [2026-06-19T13:02:23.289Z] [hosting] deploy completed after 8230ms
[debug] [2026-06-19T13:02:23.290Z] [
  {
    "config": {
      "public": "build",
      "cleanUrls": true,
      "ignore": [
        "firebase.json",
        "**/.*",
        "**/node_modules/**"
      ],
      "site": "nizhgorodov-980e3"
    },
    "version": "projects/249283010080/sites/nizhgorodov-980e3/versions/a6f07555cc8087d1"
  }
]
[info] i  hosting[nizhgorodov-980e3]: finalizing version... 
[debug] [2026-06-19T13:02:23.291Z] Checked if tokens are valid: true, expires at: 1781877168784
[debug] [2026-06-19T13:02:23.291Z] Checked if tokens are valid: true, expires at: 1781877168784
[debug] [2026-06-19T13:02:23.292Z] >>> [apiv2][query] PATCH https://firebasehosting.googleapis.com/v1beta1/projects/-/sites/nizhgorodov-980e3/versions/a6f07555cc8087d1 updateMask=status%2Cconfig
[debug] [2026-06-19T13:02:23.292Z] >>> [apiv2][body] PATCH https://firebasehosting.googleapis.com/v1beta1/projects/-/sites/nizhgorodov-980e3/versions/a6f07555cc8087d1 {"status":"FINALIZED","config":{"cleanUrls":true}}
[debug] [2026-06-19T13:02:24.914Z] <<< [apiv2][status] PATCH https://firebasehosting.googleapis.com/v1beta1/projects/-/sites/nizhgorodov-980e3/versions/a6f07555cc8087d1 200
[debug] [2026-06-19T13:02:24.914Z] <<< [apiv2][body] PATCH https://firebasehosting.googleapis.com/v1beta1/projects/-/sites/nizhgorodov-980e3/versions/a6f07555cc8087d1 {"name":"projects/249283010080/sites/nizhgorodov-980e3/versions/a6f07555cc8087d1","status":"FINALIZED","config":{"cleanUrls":true},"labels":{"deployment-tool":"cli-firebase"},"createTime":"2026-06-19T13:01:14.709947Z","createUser":{"email":"8900800700a@gmail.com"},"finalizeTime":"2026-06-19T13:02:24.711014Z","finalizeUser":{"email":"8900800700a@gmail.com"}}
[debug] [2026-06-19T13:02:24.914Z] [hosting] finalized version for nizhgorodov-980e3:[object Object]
[info] ✔  hosting[nizhgorodov-980e3]: version finalized 
[info] i  hosting[nizhgorodov-980e3]: releasing new version... 
[debug] [2026-06-19T13:02:24.915Z] Checked if tokens are valid: true, expires at: 1781877168784
[debug] [2026-06-19T13:02:24.915Z] Checked if tokens are valid: true, expires at: 1781877168784
[debug] [2026-06-19T13:02:24.915Z] >>> [apiv2][query] POST https://firebasehosting.googleapis.com/v1beta1/projects/-/sites/nizhgorodov-980e3/channels/live/releases versionName=projects%2F249283010080%2Fsites%2Fnizhgorodov-980e3%2Fversions%2Fa6f07555cc8087d1
[debug] [2026-06-19T13:02:24.915Z] >>> [apiv2][body] POST https://firebasehosting.googleapis.com/v1beta1/projects/-/sites/nizhgorodov-980e3/channels/live/releases {}
[debug] [2026-06-19T13:02:27.084Z] <<< [apiv2][status] POST https://firebasehosting.googleapis.com/v1beta1/projects/-/sites/nizhgorodov-980e3/channels/live/releases 200
[debug] [2026-06-19T13:02:27.084Z] <<< [apiv2][body] POST https://firebasehosting.googleapis.com/v1beta1/projects/-/sites/nizhgorodov-980e3/channels/live/releases {"name":"projects/249283010080/sites/nizhgorodov-980e3/channels/live/releases/1781874145883000","version":{"name":"projects/249283010080/sites/nizhgorodov-980e3/versions/a6f07555cc8087d1","status":"FINALIZED","config":{"cleanUrls":true},"labels":{"deployment-tool":"cli-firebase"},"createTime":"2026-06-19T13:01:14.709947Z","createUser":{"email":"8900800700a@gmail.com","imageUrl":"https://lh3.googleusercontent.com/a/ACg8ocL_atsCL6wFE296dBchzV5cZaKTqVlSDOvpAgDzQ1bDpEjiudRv"},"finalizeTime":"2026-06-19T13:02:24.711014Z","finalizeUser":{"email":"8900800700a@gmail.com","imageUrl":"https://lh3.googleusercontent.com/a/ACg8ocL_atsCL6wFE296dBchzV5cZaKTqVlSDOvpAgDzQ1bDpEjiudRv"}},"type":"DEPLOY","releaseTime":"2026-06-19T13:02:25.883Z","releaseUser":{"email":"8900800700a@gmail.com","imageUrl":"https://lh3.googleusercontent.com/a/ACg8ocL_atsCL6wFE296dBchzV5cZaKTqVlSDOvpAgDzQ1bDpEjiudRv"}}
[debug] [2026-06-19T13:02:27.084Z] [hosting] release: {"name":"projects/249283010080/sites/nizhgorodov-980e3/channels/live/releases/1781874145883000","version":{"name":"projects/249283010080/sites/nizhgorodov-980e3/versions/a6f07555cc8087d1","status":"FINALIZED","config":{"cleanUrls":true},"labels":{"deployment-tool":"cli-firebase"},"createTime":"2026-06-19T13:01:14.709947Z","createUser":{"email":"8900800700a@gmail.com","imageUrl":"https://lh3.googleusercontent.com/a/ACg8ocL_atsCL6wFE296dBchzV5cZaKTqVlSDOvpAgDzQ1bDpEjiudRv"},"finalizeTime":"2026-06-19T13:02:24.711014Z","finalizeUser":{"email":"8900800700a@gmail.com","imageUrl":"https://lh3.googleusercontent.com/a/ACg8ocL_atsCL6wFE296dBchzV5cZaKTqVlSDOvpAgDzQ1bDpEjiudRv"}},"type":"DEPLOY","releaseTime":"2026-06-19T13:02:25.883Z","releaseUser":{"email":"8900800700a@gmail.com","imageUrl":"https://lh3.googleusercontent.com/a/ACg8ocL_atsCL6wFE296dBchzV5cZaKTqVlSDOvpAgDzQ1bDpEjiudRv"}}
[info] ✔  hosting[nizhgorodov-980e3]: release complete 
[info] 
[info] ✔  Deploy complete! 
[info] 
[info] Project Console: https://console.firebase.google.com/project/nizhgorodov-980e3/overview
[info] Hosting URL: https://nizhgorodov-980e3.web.app
[debug] [2026-06-19T13:02:37.093Z] Error: Timed out.
    at Timeout._onTimeout (/opt/homebrew/lib/node_modules/firebase-tools/lib/utils.js:308:49)
    at listOnTimeout (node:internal/timers:605:17)
    at process.processTimers (node:internal/timers:541:7)
[error] 
[error] Error: An unexpected error has occurred.
[debug] [2026-06-19T13:11:35.100Z] ----------------------------------------------------------------------
[debug] [2026-06-19T13:11:35.101Z] Command:       /opt/homebrew/Cellar/node/25.2.1/bin/node /opt/homebrew/bin/firebase deploy --only hosting --project nizhgorodov-980e3 --non-interactive
[debug] [2026-06-19T13:11:35.101Z] CLI Version:   15.7.0
[debug] [2026-06-19T13:11:35.101Z] Platform:      darwin
[debug] [2026-06-19T13:11:35.101Z] Node Version:  v25.2.1
[debug] [2026-06-19T13:11:35.101Z] Time:          Fri Jun 19 2026 16:11:35 GMT+0300 (Moscow Standard Time)
[debug] [2026-06-19T13:11:35.101Z] ----------------------------------------------------------------------
[debug] 
[debug] [2026-06-19T13:11:35.599Z] > command requires scopes: ["email","openid","https://www.googleapis.com/auth/cloudplatformprojects.readonly","https://www.googleapis.com/auth/firebase","https://www.googleapis.com/auth/cloud-platform"]
[debug] [2026-06-19T13:11:35.599Z] > authorizing via signed-in user (8900800700a@gmail.com)
[debug] [2026-06-19T13:11:35.599Z] [iam] checking project nizhgorodov-980e3 for permissions ["firebase.projects.get","firebasehosting.sites.update"]
[debug] [2026-06-19T13:11:35.600Z] Checked if tokens are valid: true, expires at: 1781877168784
[debug] [2026-06-19T13:11:35.600Z] Checked if tokens are valid: true, expires at: 1781877168784
[debug] [2026-06-19T13:11:35.600Z] >>> [apiv2][query] POST https://cloudresourcemanager.googleapis.com/v1/projects/nizhgorodov-980e3:testIamPermissions [none]
[debug] [2026-06-19T13:11:35.600Z] >>> [apiv2][(partial)header] POST https://cloudresourcemanager.googleapis.com/v1/projects/nizhgorodov-980e3:testIamPermissions  x-goog-user-project=nizhgorodov-980e3
[debug] [2026-06-19T13:11:35.600Z] >>> [apiv2][body] POST https://cloudresourcemanager.googleapis.com/v1/projects/nizhgorodov-980e3:testIamPermissions {"permissions":["firebase.projects.get","firebasehosting.sites.update"]}
[debug] [2026-06-19T13:11:35.972Z] <<< [apiv2][status] POST https://cloudresourcemanager.googleapis.com/v1/projects/nizhgorodov-980e3:testIamPermissions 200
[debug] [2026-06-19T13:11:35.973Z] <<< [apiv2][body] POST https://cloudresourcemanager.googleapis.com/v1/projects/nizhgorodov-980e3:testIamPermissions {"permissions":["firebase.projects.get","firebasehosting.sites.update"]}
[debug] [2026-06-19T13:11:35.973Z] Checked if tokens are valid: true, expires at: 1781877168784
[debug] [2026-06-19T13:11:35.973Z] Checked if tokens are valid: true, expires at: 1781877168784
[debug] [2026-06-19T13:11:35.974Z] >>> [apiv2][query] GET https://firebase.googleapis.com/v1beta1/projects/nizhgorodov-980e3 [none]
[debug] [2026-06-19T13:11:37.055Z] <<< [apiv2][status] GET https://firebase.googleapis.com/v1beta1/projects/nizhgorodov-980e3 200
[debug] [2026-06-19T13:11:37.056Z] <<< [apiv2][body] GET https://firebase.googleapis.com/v1beta1/projects/nizhgorodov-980e3 {"projectId":"nizhgorodov-980e3","projectNumber":"249283010080","displayName":"nizhgorodov","name":"projects/nizhgorodov-980e3","resources":{"hostingSite":"nizhgorodov-980e3"},"state":"ACTIVE","etag":"1_bac89f22-5c13-4f38-9160-2f12bc9431ec"}
[info] 
[info] === Deploying to 'nizhgorodov-980e3'...
[info] 
[info] i  deploying hosting 
[debug] [2026-06-19T13:11:37.063Z] Checked if tokens are valid: true, expires at: 1781877168784
[debug] [2026-06-19T13:11:37.063Z] Checked if tokens are valid: true, expires at: 1781877168784
[debug] [2026-06-19T13:11:37.063Z] >>> [apiv2][query] POST https://firebasehosting.googleapis.com/v1beta1/projects/-/sites/nizhgorodov-980e3/versions [none]
[debug] [2026-06-19T13:11:37.063Z] >>> [apiv2][body] POST https://firebasehosting.googleapis.com/v1beta1/projects/-/sites/nizhgorodov-980e3/versions {"status":"CREATED","labels":{"deployment-tool":"cli-firebase"}}
[debug] [2026-06-19T13:11:39.107Z] <<< [apiv2][status] POST https://firebasehosting.googleapis.com/v1beta1/projects/-/sites/nizhgorodov-980e3/versions 200
[debug] [2026-06-19T13:11:39.108Z] <<< [apiv2][body] POST https://firebasehosting.googleapis.com/v1beta1/projects/-/sites/nizhgorodov-980e3/versions {"name":"projects/249283010080/sites/nizhgorodov-980e3/versions/9fea17c83f079bbb","status":"CREATED","config":{},"labels":{"deployment-tool":"cli-firebase"}}
[info] i  hosting[nizhgorodov-980e3]: beginning deploy... 
[info] i  hosting[nizhgorodov-980e3]: found 29 files in build 
[debug] [2026-06-19T13:12:38.127Z] [hosting] uploading with 200 concurrency
[debug] [2026-06-19T13:12:38.144Z] Checked if tokens are valid: true, expires at: 1781877168784
[debug] [2026-06-19T13:12:38.144Z] Checked if tokens are valid: true, expires at: 1781877168784
[debug] [2026-06-19T13:12:38.145Z] [hosting] hash cache [YnVpbGQ] stored for 29 files
[debug] [2026-06-19T13:12:38.145Z] [hosting][hash queue][FINAL] {"max":14,"min":7,"avg":8.586206896551722,"active":0,"complete":29,"success":29,"errored":0,"retried":0,"total":29,"elapsed":16}
[debug] [2026-06-19T13:12:38.145Z] >>> [apiv2][query] POST https://firebasehosting.googleapis.com/v1beta1/projects/249283010080/sites/nizhgorodov-980e3/versions/9fea17c83f079bbb:populateFiles [none]
[debug] [2026-06-19T13:12:38.145Z] >>> [apiv2][body] POST https://firebasehosting.googleapis.com/v1beta1/projects/249283010080/sites/nizhgorodov-980e3/versions/9fea17c83f079bbb:populateFiles {"files":{"/robots.txt":"15ebd5eee987a7f1469e112cc57715051a3f94fb368fd1deb3fdde37dbead0db","/sitemap.xml":"390ddc7613cb16aecfd3aff3b14c046c938a5628bde146c026cd05ee3abca6d7","/favicon.svg":"5d87b9a98aa1af4b6e0142691fb92d2134b02308438d571624b77dd291ad5ba8","/logo/yandex.svg":"73b2a6d464bff5f562a81d068acd5fec30a5894baf4ff5f018166494e3348780","/logo/edya.svg":"b4d0b1000530f2062b459e4b9a6e114ca84095166ac4d5bc59dfff4a71ecf5b6","/_app/version.json":"4463db0777d815fecefacb78bb2864a87e34cb42cfd6c9a18e6be2c3fa38d31a","/_app/env.js":"b6422bbd2a0c5c86bc11dd510c32c124689f1abbb2498ede068c8222cf6cf07b","/logo/perfema.svg":"c70e76bf36b5a6b7916a091635477bce98665ab0c3041f8ac7fe9ea4525ce3b7","/edu/hse.svg":"3616db159c4297adf63984895acf0b8d6c7de0e23dcbb61e9342d5643c55c1d2","/_app/immutable/entry/start.BPZKlej_.js":"a6ecdf6f25ff0053dad66c913dd4b7c011c1093652cc9c1d4164d746eb48df5f","/_app/immutable/nodes/1.DOXQRM8g.js":"65a6b71c5bbb428ca9430cf6110a4728db1d61491eb63673fa215b23e276655a","/_app/immutable/nodes/0.BDm7T0KD.js":"12a06b598aa46f7b85a2945d547f3130e60ea3eda32712d4c2242effa4cfa455","/_app/immutable/chunks/u5BVSknf.js":"63f7ccf952c445471a0a02c5b27aa0a17386cd7afa8d850d4228436b1a158421","/_app/immutable/nodes/2.DKUw6byc.js":"0d16b7bc58061bc1a3e025aecd628ab75b487afd3e0937c64f09b09e9a78102d","/_app/immutable/chunks/M-TRZ0L3.js":"cf4add2cf6a3ab99d1f0828da9bed0fd462eee5e8183eb52d68f1f7aac9f8e69","/_app/immutable/entry/app.CO2cNVUB.js":"029cbad4805e8d557291d994aa97f2d25b92dac7897939aa65e92bb33a1f518e","/_app/immutable/chunks/DgYvEj07.js":"55b29136d3bfed96b365bd56278a6d6f61619a7c0d4f8b88cbfbd112ebb723b5","/_app/immutable/chunks/vcmbsgMH.js":"b07b50b6d08f38ed367669e8fdef5e846ed61807c6b4342cc061250377133b1e","/index.html":"6d3e314b7dab357bca12153853f58d03a97e78521c9c414ff60116f8acee3351","/_app/immutable/chunks/BdafB0SG.js":"cd7a9dc5e46fc0287c1ab3a0d3920e93c5d7c1276656d8c4162b3eefaf6e7780","/_app/immutable/chunks/RPWgvl45.js":"a89d515dd36d19c971cedeb9b20e507cbc561092f2e5836ec99fd9ef74ea1228","/_app/immutable/assets/0.DfTZ7CI0.css":"60628f157b4437fdaa4313439017b379f1c9d764aa55a5b05261e59165b4858a","/_app/immutable/chunks/BnT9GjcO.js":"cd9bd467f04ed7e14c48f12ee137b1017ded4c1a9e84887bc0e2fe29c1703fe3","/edu/misis.png":"8dfbf865cc6f44ce3230afd34298d033edaea63c0b81e9cf9db4807607b75e03","/og.png":"fb7f0f47f33148b34c5c083ad956bb2bd29584cb2ab2255bd2a132df39ab56ca","/photo-2.jpg":"6c09a7dd27f85dcd21c883643a87186fd0ad7004bc2e0c1ff78d61c345ad6e3e","/photo-3.jpg":"128adaa4e24a4ef6f1aee4f0c7c177a04142290d7ed5b4fbb3fbd1ac290205c1","/photo-1.jpg":"98bec2a7adc2cb497cee250b2264cd0675e5ffaad135d3cf3bf62a6d19f0730d","/avatar.jpg":"98bec2a7adc2cb497cee250b2264cd0675e5ffaad135d3cf3bf62a6d19f0730d"}}
[debug] [2026-06-19T13:12:39.738Z] <<< [apiv2][status] POST https://firebasehosting.googleapis.com/v1beta1/projects/249283010080/sites/nizhgorodov-980e3/versions/9fea17c83f079bbb:populateFiles 200
[debug] [2026-06-19T13:12:39.739Z] <<< [apiv2][body] POST https://firebasehosting.googleapis.com/v1beta1/projects/249283010080/sites/nizhgorodov-980e3/versions/9fea17c83f079bbb:populateFiles {"uploadRequiredHashes":["a6ecdf6f25ff0053dad66c913dd4b7c011c1093652cc9c1d4164d746eb48df5f","6d3e314b7dab357bca12153853f58d03a97e78521c9c414ff60116f8acee3351","cd9bd467f04ed7e14c48f12ee137b1017ded4c1a9e84887bc0e2fe29c1703fe3","12a06b598aa46f7b85a2945d547f3130e60ea3eda32712d4c2242effa4cfa455","029cbad4805e8d557291d994aa97f2d25b92dac7897939aa65e92bb33a1f518e","b07b50b6d08f38ed367669e8fdef5e846ed61807c6b4342cc061250377133b1e","4463db0777d815fecefacb78bb2864a87e34cb42cfd6c9a18e6be2c3fa38d31a","0d16b7bc58061bc1a3e025aecd628ab75b487afd3e0937c64f09b09e9a78102d","65a6b71c5bbb428ca9430cf6110a4728db1d61491eb63673fa215b23e276655a"],"uploadUrl":"https://upload-firebasehosting.googleapis.com/upload/sites/nizhgorodov-980e3/versions/9fea17c83f079bbb/files"}
[debug] [2026-06-19T13:12:39.739Z] Checked if tokens are valid: true, expires at: 1781877168784
[debug] [2026-06-19T13:12:39.739Z] Checked if tokens are valid: true, expires at: 1781877168784
[debug] [2026-06-19T13:12:39.740Z] Checked if tokens are valid: true, expires at: 1781877168784
[debug] [2026-06-19T13:12:39.740Z] Checked if tokens are valid: true, expires at: 1781877168784
[debug] [2026-06-19T13:12:39.740Z] Checked if tokens are valid: true, expires at: 1781877168784
[debug] [2026-06-19T13:12:39.740Z] Checked if tokens are valid: true, expires at: 1781877168784
[debug] [2026-06-19T13:12:39.740Z] Checked if tokens are valid: true, expires at: 1781877168784
[debug] [2026-06-19T13:12:39.740Z] Checked if tokens are valid: true, expires at: 1781877168784
[debug] [2026-06-19T13:12:39.740Z] Checked if tokens are valid: true, expires at: 1781877168784
[debug] [2026-06-19T13:12:39.740Z] Checked if tokens are valid: true, expires at: 1781877168784
[debug] [2026-06-19T13:12:39.740Z] Checked if tokens are valid: true, expires at: 1781877168784
[debug] [2026-06-19T13:12:39.740Z] Checked if tokens are valid: true, expires at: 1781877168784
[debug] [2026-06-19T13:12:39.741Z] Checked if tokens are valid: true, expires at: 1781877168784
[debug] [2026-06-19T13:12:39.741Z] Checked if tokens are valid: true, expires at: 1781877168784
[debug] [2026-06-19T13:12:39.741Z] Checked if tokens are valid: true, expires at: 1781877168784
[debug] [2026-06-19T13:12:39.741Z] Checked if tokens are valid: true, expires at: 1781877168784
[debug] [2026-06-19T13:12:39.741Z] Checked if tokens are valid: true, expires at: 1781877168784
[debug] [2026-06-19T13:12:39.741Z] Checked if tokens are valid: true, expires at: 1781877168784
[debug] [2026-06-19T13:12:39.741Z] >>> [apiv2][query] POST https://upload-firebasehosting.googleapis.com/upload/sites/nizhgorodov-980e3/versions/9fea17c83f079bbb/files/a6ecdf6f25ff0053dad66c913dd4b7c011c1093652cc9c1d4164d746eb48df5f [none]
[debug] [2026-06-19T13:12:39.741Z] >>> [apiv2][body] POST https://upload-firebasehosting.googleapis.com/upload/sites/nizhgorodov-980e3/versions/9fea17c83f079bbb/files/a6ecdf6f25ff0053dad66c913dd4b7c011c1093652cc9c1d4164d746eb48df5f [stream]
[debug] [2026-06-19T13:12:39.743Z] >>> [apiv2][query] POST https://upload-firebasehosting.googleapis.com/upload/sites/nizhgorodov-980e3/versions/9fea17c83f079bbb/files/6d3e314b7dab357bca12153853f58d03a97e78521c9c414ff60116f8acee3351 [none]
[debug] [2026-06-19T13:12:39.743Z] >>> [apiv2][body] POST https://upload-firebasehosting.googleapis.com/upload/sites/nizhgorodov-980e3/versions/9fea17c83f079bbb/files/6d3e314b7dab357bca12153853f58d03a97e78521c9c414ff60116f8acee3351 [stream]
[debug] [2026-06-19T13:12:39.744Z] >>> [apiv2][query] POST https://upload-firebasehosting.googleapis.com/upload/sites/nizhgorodov-980e3/versions/9fea17c83f079bbb/files/cd9bd467f04ed7e14c48f12ee137b1017ded4c1a9e84887bc0e2fe29c1703fe3 [none]
[debug] [2026-06-19T13:12:39.744Z] >>> [apiv2][body] POST https://upload-firebasehosting.googleapis.com/upload/sites/nizhgorodov-980e3/versions/9fea17c83f079bbb/files/cd9bd467f04ed7e14c48f12ee137b1017ded4c1a9e84887bc0e2fe29c1703fe3 [stream]
[debug] [2026-06-19T13:12:39.745Z] >>> [apiv2][query] POST https://upload-firebasehosting.googleapis.com/upload/sites/nizhgorodov-980e3/versions/9fea17c83f079bbb/files/12a06b598aa46f7b85a2945d547f3130e60ea3eda32712d4c2242effa4cfa455 [none]
[debug] [2026-06-19T13:12:39.745Z] >>> [apiv2][body] POST https://upload-firebasehosting.googleapis.com/upload/sites/nizhgorodov-980e3/versions/9fea17c83f079bbb/files/12a06b598aa46f7b85a2945d547f3130e60ea3eda32712d4c2242effa4cfa455 [stream]
[debug] [2026-06-19T13:12:39.745Z] >>> [apiv2][query] POST https://upload-firebasehosting.googleapis.com/upload/sites/nizhgorodov-980e3/versions/9fea17c83f079bbb/files/029cbad4805e8d557291d994aa97f2d25b92dac7897939aa65e92bb33a1f518e [none]
[debug] [2026-06-19T13:12:39.745Z] >>> [apiv2][body] POST https://upload-firebasehosting.googleapis.com/upload/sites/nizhgorodov-980e3/versions/9fea17c83f079bbb/files/029cbad4805e8d557291d994aa97f2d25b92dac7897939aa65e92bb33a1f518e [stream]
[debug] [2026-06-19T13:12:39.746Z] >>> [apiv2][query] POST https://upload-firebasehosting.googleapis.com/upload/sites/nizhgorodov-980e3/versions/9fea17c83f079bbb/files/b07b50b6d08f38ed367669e8fdef5e846ed61807c6b4342cc061250377133b1e [none]
[debug] [2026-06-19T13:12:39.746Z] >>> [apiv2][body] POST https://upload-firebasehosting.googleapis.com/upload/sites/nizhgorodov-980e3/versions/9fea17c83f079bbb/files/b07b50b6d08f38ed367669e8fdef5e846ed61807c6b4342cc061250377133b1e [stream]
[debug] [2026-06-19T13:12:39.747Z] >>> [apiv2][query] POST https://upload-firebasehosting.googleapis.com/upload/sites/nizhgorodov-980e3/versions/9fea17c83f079bbb/files/4463db0777d815fecefacb78bb2864a87e34cb42cfd6c9a18e6be2c3fa38d31a [none]
[debug] [2026-06-19T13:12:39.747Z] >>> [apiv2][body] POST https://upload-firebasehosting.googleapis.com/upload/sites/nizhgorodov-980e3/versions/9fea17c83f079bbb/files/4463db0777d815fecefacb78bb2864a87e34cb42cfd6c9a18e6be2c3fa38d31a [stream]
[debug] [2026-06-19T13:12:39.747Z] >>> [apiv2][query] POST https://upload-firebasehosting.googleapis.com/upload/sites/nizhgorodov-980e3/versions/9fea17c83f079bbb/files/0d16b7bc58061bc1a3e025aecd628ab75b487afd3e0937c64f09b09e9a78102d [none]
[debug] [2026-06-19T13:12:39.747Z] >>> [apiv2][body] POST https://upload-firebasehosting.googleapis.com/upload/sites/nizhgorodov-980e3/versions/9fea17c83f079bbb/files/0d16b7bc58061bc1a3e025aecd628ab75b487afd3e0937c64f09b09e9a78102d [stream]
[debug] [2026-06-19T13:12:39.748Z] >>> [apiv2][query] POST https://upload-firebasehosting.googleapis.com/upload/sites/nizhgorodov-980e3/versions/9fea17c83f079bbb/files/65a6b71c5bbb428ca9430cf6110a4728db1d61491eb63673fa215b23e276655a [none]
[debug] [2026-06-19T13:12:39.748Z] >>> [apiv2][body] POST https://upload-firebasehosting.googleapis.com/upload/sites/nizhgorodov-980e3/versions/9fea17c83f079bbb/files/65a6b71c5bbb428ca9430cf6110a4728db1d61491eb63673fa215b23e276655a [stream]
[debug] [2026-06-19T13:12:39.748Z] [hosting][populate queue][FINAL] {"max":1597,"min":1597,"avg":1597,"active":0,"complete":1,"success":1,"errored":0,"retried":0,"total":1,"elapsed":1604}
[debug] [2026-06-19T13:12:39.748Z] [hosting] uploads queued: 9
[info] i  hosting: uploading new files [0/9] (0%) 
[debug] [2026-06-19T13:12:40.884Z] <<< [apiv2][status] POST https://upload-firebasehosting.googleapis.com/upload/sites/nizhgorodov-980e3/versions/9fea17c83f079bbb/files/029cbad4805e8d557291d994aa97f2d25b92dac7897939aa65e92bb33a1f518e 200
[debug] [2026-06-19T13:12:40.884Z] <<< [apiv2][body] POST https://upload-firebasehosting.googleapis.com/upload/sites/nizhgorodov-980e3/versions/9fea17c83f079bbb/files/029cbad4805e8d557291d994aa97f2d25b92dac7897939aa65e92bb33a1f518e [stream]
[debug] [2026-06-19T13:12:40.891Z] <<< [apiv2][status] POST https://upload-firebasehosting.googleapis.com/upload/sites/nizhgorodov-980e3/versions/9fea17c83f079bbb/files/12a06b598aa46f7b85a2945d547f3130e60ea3eda32712d4c2242effa4cfa455 200
[debug] [2026-06-19T13:12:40.891Z] <<< [apiv2][body] POST https://upload-firebasehosting.googleapis.com/upload/sites/nizhgorodov-980e3/versions/9fea17c83f079bbb/files/12a06b598aa46f7b85a2945d547f3130e60ea3eda32712d4c2242effa4cfa455 [stream]
[debug] [2026-06-19T13:12:41.169Z] <<< [apiv2][status] POST https://upload-firebasehosting.googleapis.com/upload/sites/nizhgorodov-980e3/versions/9fea17c83f079bbb/files/a6ecdf6f25ff0053dad66c913dd4b7c011c1093652cc9c1d4164d746eb48df5f 200
[debug] [2026-06-19T13:12:41.170Z] <<< [apiv2][body] POST https://upload-firebasehosting.googleapis.com/upload/sites/nizhgorodov-980e3/versions/9fea17c83f079bbb/files/a6ecdf6f25ff0053dad66c913dd4b7c011c1093652cc9c1d4164d746eb48df5f [stream]
[debug] [2026-06-19T13:12:41.310Z] <<< [apiv2][status] POST https://upload-firebasehosting.googleapis.com/upload/sites/nizhgorodov-980e3/versions/9fea17c83f079bbb/files/4463db0777d815fecefacb78bb2864a87e34cb42cfd6c9a18e6be2c3fa38d31a 200
[debug] [2026-06-19T13:12:41.310Z] <<< [apiv2][body] POST https://upload-firebasehosting.googleapis.com/upload/sites/nizhgorodov-980e3/versions/9fea17c83f079bbb/files/4463db0777d815fecefacb78bb2864a87e34cb42cfd6c9a18e6be2c3fa38d31a [stream]
[debug] [2026-06-19T13:12:41.311Z] <<< [apiv2][status] POST https://upload-firebasehosting.googleapis.com/upload/sites/nizhgorodov-980e3/versions/9fea17c83f079bbb/files/cd9bd467f04ed7e14c48f12ee137b1017ded4c1a9e84887bc0e2fe29c1703fe3 200
[debug] [2026-06-19T13:12:41.311Z] <<< [apiv2][body] POST https://upload-firebasehosting.googleapis.com/upload/sites/nizhgorodov-980e3/versions/9fea17c83f079bbb/files/cd9bd467f04ed7e14c48f12ee137b1017ded4c1a9e84887bc0e2fe29c1703fe3 [stream]
[debug] [2026-06-19T13:12:41.312Z] <<< [apiv2][status] POST https://upload-firebasehosting.googleapis.com/upload/sites/nizhgorodov-980e3/versions/9fea17c83f079bbb/files/0d16b7bc58061bc1a3e025aecd628ab75b487afd3e0937c64f09b09e9a78102d 200
[debug] [2026-06-19T13:12:41.312Z] <<< [apiv2][body] POST https://upload-firebasehosting.googleapis.com/upload/sites/nizhgorodov-980e3/versions/9fea17c83f079bbb/files/0d16b7bc58061bc1a3e025aecd628ab75b487afd3e0937c64f09b09e9a78102d [stream]
[debug] [2026-06-19T13:12:41.323Z] <<< [apiv2][status] POST https://upload-firebasehosting.googleapis.com/upload/sites/nizhgorodov-980e3/versions/9fea17c83f079bbb/files/b07b50b6d08f38ed367669e8fdef5e846ed61807c6b4342cc061250377133b1e 200
[debug] [2026-06-19T13:12:41.323Z] <<< [apiv2][body] POST https://upload-firebasehosting.googleapis.com/upload/sites/nizhgorodov-980e3/versions/9fea17c83f079bbb/files/b07b50b6d08f38ed367669e8fdef5e846ed61807c6b4342cc061250377133b1e [stream]
[debug] [2026-06-19T13:12:41.356Z] <<< [apiv2][status] POST https://upload-firebasehosting.googleapis.com/upload/sites/nizhgorodov-980e3/versions/9fea17c83f079bbb/files/65a6b71c5bbb428ca9430cf6110a4728db1d61491eb63673fa215b23e276655a 200
[debug] [2026-06-19T13:12:41.356Z] <<< [apiv2][body] POST https://upload-firebasehosting.googleapis.com/upload/sites/nizhgorodov-980e3/versions/9fea17c83f079bbb/files/65a6b71c5bbb428ca9430cf6110a4728db1d61491eb63673fa215b23e276655a [stream]
[debug] [2026-06-19T13:12:41.435Z] <<< [apiv2][status] POST https://upload-firebasehosting.googleapis.com/upload/sites/nizhgorodov-980e3/versions/9fea17c83f079bbb/files/6d3e314b7dab357bca12153853f58d03a97e78521c9c414ff60116f8acee3351 200
[debug] [2026-06-19T13:12:41.435Z] <<< [apiv2][body] POST https://upload-firebasehosting.googleapis.com/upload/sites/nizhgorodov-980e3/versions/9fea17c83f079bbb/files/6d3e314b7dab357bca12153853f58d03a97e78521c9c414ff60116f8acee3351 [stream]
[debug] [2026-06-19T13:12:41.436Z] [hosting][upload queue][FINAL] {"max":1696,"min":1144,"avg":1481.3333333333333,"active":0,"complete":9,"success":9,"errored":0,"retried":0,"total":9,"elapsed":1697}
[info] i  hosting: upload complete 
[info] ✔  hosting[nizhgorodov-980e3]: file upload complete 
[debug] [2026-06-19T13:12:41.436Z] [hosting] deploy completed after 3328ms
[debug] [2026-06-19T13:12:41.436Z] [
  {
    "config": {
      "public": "build",
      "cleanUrls": true,
      "ignore": [
        "firebase.json",
        "**/.*",
        "**/node_modules/**"
      ],
      "site": "nizhgorodov-980e3"
    },
    "version": "projects/249283010080/sites/nizhgorodov-980e3/versions/9fea17c83f079bbb"
  }
]
[info] i  hosting[nizhgorodov-980e3]: finalizing version... 
[debug] [2026-06-19T13:12:41.438Z] Checked if tokens are valid: true, expires at: 1781877168784
[debug] [2026-06-19T13:12:41.438Z] Checked if tokens are valid: true, expires at: 1781877168784
[debug] [2026-06-19T13:12:41.439Z] >>> [apiv2][query] PATCH https://firebasehosting.googleapis.com/v1beta1/projects/-/sites/nizhgorodov-980e3/versions/9fea17c83f079bbb updateMask=status%2Cconfig
[debug] [2026-06-19T13:12:41.439Z] >>> [apiv2][body] PATCH https://firebasehosting.googleapis.com/v1beta1/projects/-/sites/nizhgorodov-980e3/versions/9fea17c83f079bbb {"status":"FINALIZED","config":{"cleanUrls":true}}
[debug] [2026-06-19T13:12:42.883Z] <<< [apiv2][status] PATCH https://firebasehosting.googleapis.com/v1beta1/projects/-/sites/nizhgorodov-980e3/versions/9fea17c83f079bbb 200
[debug] [2026-06-19T13:12:42.883Z] <<< [apiv2][body] PATCH https://firebasehosting.googleapis.com/v1beta1/projects/-/sites/nizhgorodov-980e3/versions/9fea17c83f079bbb {"name":"projects/249283010080/sites/nizhgorodov-980e3/versions/9fea17c83f079bbb","status":"FINALIZED","config":{"cleanUrls":true},"labels":{"deployment-tool":"cli-firebase"},"createTime":"2026-06-19T13:11:37.845845Z","createUser":{"email":"8900800700a@gmail.com"},"finalizeTime":"2026-06-19T13:12:42.703453Z","finalizeUser":{"email":"8900800700a@gmail.com"}}
[debug] [2026-06-19T13:12:42.883Z] [hosting] finalized version for nizhgorodov-980e3:[object Object]
[info] ✔  hosting[nizhgorodov-980e3]: version finalized 
[info] i  hosting[nizhgorodov-980e3]: releasing new version... 
[debug] [2026-06-19T13:12:42.883Z] Checked if tokens are valid: true, expires at: 1781877168784
[debug] [2026-06-19T13:12:42.883Z] Checked if tokens are valid: true, expires at: 1781877168784
[debug] [2026-06-19T13:12:42.883Z] >>> [apiv2][query] POST https://firebasehosting.googleapis.com/v1beta1/projects/-/sites/nizhgorodov-980e3/channels/live/releases versionName=projects%2F249283010080%2Fsites%2Fnizhgorodov-980e3%2Fversions%2F9fea17c83f079bbb
[debug] [2026-06-19T13:12:42.884Z] >>> [apiv2][body] POST https://firebasehosting.googleapis.com/v1beta1/projects/-/sites/nizhgorodov-980e3/channels/live/releases {}
[debug] [2026-06-19T13:12:44.978Z] <<< [apiv2][status] POST https://firebasehosting.googleapis.com/v1beta1/projects/-/sites/nizhgorodov-980e3/channels/live/releases 200
[debug] [2026-06-19T13:12:44.978Z] <<< [apiv2][body] POST https://firebasehosting.googleapis.com/v1beta1/projects/-/sites/nizhgorodov-980e3/channels/live/releases {"name":"projects/249283010080/sites/nizhgorodov-980e3/channels/live/releases/1781874763841000","version":{"name":"projects/249283010080/sites/nizhgorodov-980e3/versions/9fea17c83f079bbb","status":"FINALIZED","config":{"cleanUrls":true},"labels":{"deployment-tool":"cli-firebase"},"createTime":"2026-06-19T13:11:37.845845Z","createUser":{"email":"8900800700a@gmail.com","imageUrl":"https://lh3.googleusercontent.com/a/ACg8ocL_atsCL6wFE296dBchzV5cZaKTqVlSDOvpAgDzQ1bDpEjiudRv"},"finalizeTime":"2026-06-19T13:12:42.703453Z","finalizeUser":{"email":"8900800700a@gmail.com","imageUrl":"https://lh3.googleusercontent.com/a/ACg8ocL_atsCL6wFE296dBchzV5cZaKTqVlSDOvpAgDzQ1bDpEjiudRv"}},"type":"DEPLOY","releaseTime":"2026-06-19T13:12:43.841Z","releaseUser":{"email":"8900800700a@gmail.com","imageUrl":"https://lh3.googleusercontent.com/a/ACg8ocL_atsCL6wFE296dBchzV5cZaKTqVlSDOvpAgDzQ1bDpEjiudRv"}}
[debug] [2026-06-19T13:12:44.978Z] [hosting] release: {"name":"projects/249283010080/sites/nizhgorodov-980e3/channels/live/releases/1781874763841000","version":{"name":"projects/249283010080/sites/nizhgorodov-980e3/versions/9fea17c83f079bbb","status":"FINALIZED","config":{"cleanUrls":true},"labels":{"deployment-tool":"cli-firebase"},"createTime":"2026-06-19T13:11:37.845845Z","createUser":{"email":"8900800700a@gmail.com","imageUrl":"https://lh3.googleusercontent.com/a/ACg8ocL_atsCL6wFE296dBchzV5cZaKTqVlSDOvpAgDzQ1bDpEjiudRv"},"finalizeTime":"2026-06-19T13:12:42.703453Z","finalizeUser":{"email":"8900800700a@gmail.com","imageUrl":"https://lh3.googleusercontent.com/a/ACg8ocL_atsCL6wFE296dBchzV5cZaKTqVlSDOvpAgDzQ1bDpEjiudRv"}},"type":"DEPLOY","releaseTime":"2026-06-19T13:12:43.841Z","releaseUser":{"email":"8900800700a@gmail.com","imageUrl":"https://lh3.googleusercontent.com/a/ACg8ocL_atsCL6wFE296dBchzV5cZaKTqVlSDOvpAgDzQ1bDpEjiudRv"}}
[info] ✔  hosting[nizhgorodov-980e3]: release complete 
[info] 
[info] ✔  Deploy complete! 
[info] 
[info] Project Console: https://console.firebase.google.com/project/nizhgorodov-980e3/overview
[info] Hosting URL: https://nizhgorodov-980e3.web.app
[debug] [2026-06-19T13:12:54.995Z] Error: Timed out.
    at Timeout._onTimeout (/opt/homebrew/lib/node_modules/firebase-tools/lib/utils.js:308:49)
    at listOnTimeout (node:internal/timers:605:17)
    at process.processTimers (node:internal/timers:541:7)
[error] 
[error] Error: An unexpected error has occurred.
[debug] [2026-06-19T13:39:33.129Z] ----------------------------------------------------------------------
[debug] [2026-06-19T13:39:33.130Z] Command:       /opt/homebrew/Cellar/node/25.2.1/bin/node /opt/homebrew/bin/firebase deploy --only hosting --project nizhgorodov-980e3 --non-interactive
[debug] [2026-06-19T13:39:33.130Z] CLI Version:   15.7.0
[debug] [2026-06-19T13:39:33.130Z] Platform:      darwin
[debug] [2026-06-19T13:39:33.130Z] Node Version:  v25.2.1
[debug] [2026-06-19T13:39:33.131Z] Time:          Fri Jun 19 2026 16:39:33 GMT+0300 (Moscow Standard Time)
[debug] [2026-06-19T13:39:33.131Z] ----------------------------------------------------------------------
[debug] 
[debug] [2026-06-19T13:39:33.706Z] > command requires scopes: ["email","openid","https://www.googleapis.com/auth/cloudplatformprojects.readonly","https://www.googleapis.com/auth/firebase","https://www.googleapis.com/auth/cloud-platform"]
[debug] [2026-06-19T13:39:33.706Z] > authorizing via signed-in user (8900800700a@gmail.com)
[debug] [2026-06-19T13:39:33.706Z] [iam] checking project nizhgorodov-980e3 for permissions ["firebase.projects.get","firebasehosting.sites.update"]
[debug] [2026-06-19T13:39:33.706Z] Checked if tokens are valid: false, expires at: 1781877168784
[debug] [2026-06-19T13:39:33.706Z] Checked if tokens are valid: false, expires at: 1781877168784
[debug] [2026-06-19T13:39:33.706Z] > refreshing access token with scopes: []
[debug] [2026-06-19T13:39:33.707Z] >>> [apiv2][query] POST https://www.googleapis.com/oauth2/v3/token [none]
[debug] [2026-06-19T13:39:33.707Z] >>> [apiv2][body] POST https://www.googleapis.com/oauth2/v3/token [omitted]
[debug] [2026-06-19T13:39:33.894Z] <<< [apiv2][status] POST https://www.googleapis.com/oauth2/v3/token 200
[debug] [2026-06-19T13:39:33.894Z] <<< [apiv2][body] POST https://www.googleapis.com/oauth2/v3/token [omitted]
[debug] [2026-06-19T13:39:33.902Z] >>> [apiv2][query] POST https://cloudresourcemanager.googleapis.com/v1/projects/nizhgorodov-980e3:testIamPermissions [none]
[debug] [2026-06-19T13:39:33.902Z] >>> [apiv2][(partial)header] POST https://cloudresourcemanager.googleapis.com/v1/projects/nizhgorodov-980e3:testIamPermissions  x-goog-user-project=nizhgorodov-980e3
[debug] [2026-06-19T13:39:33.902Z] >>> [apiv2][body] POST https://cloudresourcemanager.googleapis.com/v1/projects/nizhgorodov-980e3:testIamPermissions {"permissions":["firebase.projects.get","firebasehosting.sites.update"]}
[debug] [2026-06-19T13:39:34.873Z] <<< [apiv2][status] POST https://cloudresourcemanager.googleapis.com/v1/projects/nizhgorodov-980e3:testIamPermissions 200
[debug] [2026-06-19T13:39:34.873Z] <<< [apiv2][body] POST https://cloudresourcemanager.googleapis.com/v1/projects/nizhgorodov-980e3:testIamPermissions {"permissions":["firebase.projects.get","firebasehosting.sites.update"]}
[debug] [2026-06-19T13:39:34.874Z] Checked if tokens are valid: true, expires at: 1781879972894
[debug] [2026-06-19T13:39:34.874Z] Checked if tokens are valid: true, expires at: 1781879972894
[debug] [2026-06-19T13:39:34.875Z] >>> [apiv2][query] GET https://firebase.googleapis.com/v1beta1/projects/nizhgorodov-980e3 [none]
[debug] [2026-06-19T13:39:35.623Z] <<< [apiv2][status] GET https://firebase.googleapis.com/v1beta1/projects/nizhgorodov-980e3 200
[debug] [2026-06-19T13:39:35.623Z] <<< [apiv2][body] GET https://firebase.googleapis.com/v1beta1/projects/nizhgorodov-980e3 {"projectId":"nizhgorodov-980e3","projectNumber":"249283010080","displayName":"nizhgorodov","name":"projects/nizhgorodov-980e3","resources":{"hostingSite":"nizhgorodov-980e3"},"state":"ACTIVE","etag":"1_bac89f22-5c13-4f38-9160-2f12bc9431ec"}
[info] 
[info] === Deploying to 'nizhgorodov-980e3'...
[info] 
[info] i  deploying hosting 
[debug] [2026-06-19T13:39:35.630Z] Checked if tokens are valid: true, expires at: 1781879972894
[debug] [2026-06-19T13:39:35.631Z] Checked if tokens are valid: true, expires at: 1781879972894
[debug] [2026-06-19T13:39:35.631Z] >>> [apiv2][query] POST https://firebasehosting.googleapis.com/v1beta1/projects/-/sites/nizhgorodov-980e3/versions [none]
[debug] [2026-06-19T13:39:35.631Z] >>> [apiv2][body] POST https://firebasehosting.googleapis.com/v1beta1/projects/-/sites/nizhgorodov-980e3/versions {"status":"CREATED","labels":{"deployment-tool":"cli-firebase"}}
[debug] [2026-06-19T13:39:37.742Z] <<< [apiv2][status] POST https://firebasehosting.googleapis.com/v1beta1/projects/-/sites/nizhgorodov-980e3/versions 200
[debug] [2026-06-19T13:39:37.742Z] <<< [apiv2][body] POST https://firebasehosting.googleapis.com/v1beta1/projects/-/sites/nizhgorodov-980e3/versions {"name":"projects/249283010080/sites/nizhgorodov-980e3/versions/6c5e62413237c691","status":"CREATED","config":{},"labels":{"deployment-tool":"cli-firebase"}}
[info] i  hosting[nizhgorodov-980e3]: beginning deploy... 
[info] i  hosting[nizhgorodov-980e3]: found 37 files in build 
[debug] [2026-06-19T13:40:37.576Z] [hosting] uploading with 200 concurrency
[debug] [2026-06-19T13:40:37.593Z] Checked if tokens are valid: true, expires at: 1781879972894
[debug] [2026-06-19T13:40:37.593Z] Checked if tokens are valid: true, expires at: 1781879972894
[debug] [2026-06-19T13:40:37.594Z] [hosting] hash cache [YnVpbGQ] stored for 37 files
[debug] [2026-06-19T13:40:37.594Z] [hosting][hash queue][FINAL] {"max":12,"min":7,"avg":8.27027027027027,"active":0,"complete":37,"success":37,"errored":0,"retried":0,"total":37,"elapsed":16}
[debug] [2026-06-19T13:40:37.594Z] >>> [apiv2][query] POST https://firebasehosting.googleapis.com/v1beta1/projects/249283010080/sites/nizhgorodov-980e3/versions/6c5e62413237c691:populateFiles [none]
[debug] [2026-06-19T13:40:37.594Z] >>> [apiv2][body] POST https://firebasehosting.googleapis.com/v1beta1/projects/249283010080/sites/nizhgorodov-980e3/versions/6c5e62413237c691:populateFiles {"files":{"/robots.txt":"15ebd5eee987a7f1469e112cc57715051a3f94fb368fd1deb3fdde37dbead0db","/sitemap.xml":"f0a957a7fa1d37bc39f58098f8471787ba219d45dbf5f8b1c09bb9598fab7b72","/favicon.svg":"5d87b9a98aa1af4b6e0142691fb92d2134b02308438d571624b77dd291ad5ba8","/en.html":"960ad2336dfceadd6bc6cc451991d96c47045fdce287d054c1b3a03195894694","/logo/yandex.svg":"73b2a6d464bff5f562a81d068acd5fec30a5894baf4ff5f018166494e3348780","/_app/version.json":"f94b5d13c88e4cb908a55d43bca425fb3c7bf70b19e75f65739b18e299b26a1d","/_app/env.js":"b6422bbd2a0c5c86bc11dd510c32c124689f1abbb2498ede068c8222cf6cf07b","/logo/edya.svg":"b4d0b1000530f2062b459e4b9a6e114ca84095166ac4d5bc59dfff4a71ecf5b6","/logo/perfema.svg":"c70e76bf36b5a6b7916a091635477bce98665ab0c3041f8ac7fe9ea4525ce3b7","/ru.html":"33253cb18e7eabc9bc614b45802df4f459279742201437692b2cbbbfc47335bc","/_app/immutable/nodes/4.BYTVcvHm.js":"d3da322aa800fddce05f93d1aa7456f921c99abef200fcec99419ec4079a66cd","/edu/hse.svg":"3616db159c4297adf63984895acf0b8d6c7de0e23dcbb61e9342d5643c55c1d2","/_app/immutable/nodes/3.B_1qBKYZ.js":"30e80509142cab3e09668515a3aa403602437e172446ba6f04db13d9f010c72d","/_app/immutable/nodes/1.CzFGK6Hl.js":"a4d8b5ff77f88ba00ed024db279f6cbf85d4e949b2a23aa80e4c167eaf7baa41","/_app/immutable/nodes/2.DrwH4KZQ.js":"e0df56a1adc1658190be101219053a8b978ecfbe7472980080cd2ee053ef5bd5","/_app/immutable/entry/start.CRZHEdfZ.js":"b46f5a70196ac6178cb8c28f8b255d4ed36febe88eee4e723c107948ded2e25d","/_app/immutable/chunks/obVeejdx.js":"bb1631e1eff6e75ce7690f9e86872631db661b022bebfdc84123826101f5c3a0","/_app/immutable/chunks/Dxaj-fIP.js":"9d6b18b51df520864e0fb7fe66eb7a4fa17ecb8e9c695fd2671f63dfc7be2864","/_app/immutable/chunks/DBewB76Q.js":"874fcd093979dd8dab67ff2615f48f8c267f882ac39ea16d1061fd764874f779","/index.html":"d0e788efd484890290b0a6a012e624897ada01fbef9cc75eb81f91809fc9c8ab","/_app/immutable/nodes/0.Cb9jP2iV.js":"535af56ffe77ecd94219535abb3799ddb1f1db928ce45c353e0254cf79f6b6d9","/_app/immutable/entry/app.BhqVg3Rm.js":"505edd6cb355a130b6562a1182f19b4d65691adfaf7ae73be6c2033c73774ab8","/_app/immutable/chunks/D01C4JX9.js":"500d777e7147a3b5721bc4e0a9f914704ecd3a3ea0e4fd751f8c97b2495c3379","/_app/immutable/chunks/B3TgCwa8.js":"992b34bcf0b7bffa7f7c6d57989cfa660a5ef9320576edc747cd91da8e4d5da4","/_app/immutable/chunks/DlSTxH-B.js":"328845ff11617ac9ac4cf712d70a5843b954d4021760d1b2b49f9ab021533dfb","/_app/immutable/chunks/CKO7BCNd.js":"ab6a15763886d78b655361553933f80999750eb0d3aecea3f21c30c3926909e5","/_app/immutable/assets/0.DwmJy8FY.css":"e434e2d127f74b03ac9b0dd2df1ed961d7a4fd7143d50afa13ff89cba7576973","/_app/immutable/chunks/C4LP1nqi.js":"78ce1150c953f56e464310e6f7777c89140f902dc2fbd9edff29398b5605a48f","/_app/immutable/chunks/D-GU6gwO.js":"085e92f8be1de1e185503a34d5af451045900d556f88332790ed3bd324c65075","/_app/immutable/chunks/Do2bVeGO.js":"db9ea2f07b72927eb72d7084d061348c9188ef5f7a4d542b289a384ac647d726","/edu/misis.png":"8dfbf865cc6f44ce3230afd34298d033edaea63c0b81e9cf9db4807607b75e03","/og.png":"fb7f0f47f33148b34c5c083ad956bb2bd29584cb2ab2255bd2a132df39ab56ca","/og-en.png":"805ff3db92925bb2b55793e9087588f02e8eea3b363b723688047769f8bf005e","/photo-2.jpg":"6c09a7dd27f85dcd21c883643a87186fd0ad7004bc2e0c1ff78d61c345ad6e3e","/photo-1.jpg":"98bec2a7adc2cb497cee250b2264cd0675e5ffaad135d3cf3bf62a6d19f0730d","/photo-3.jpg":"128adaa4e24a4ef6f1aee4f0c7c177a04142290d7ed5b4fbb3fbd1ac290205c1","/avatar.jpg":"98bec2a7adc2cb497cee250b2264cd0675e5ffaad135d3cf3bf62a6d19f0730d"}}
[debug] [2026-06-19T13:40:39.039Z] <<< [apiv2][status] POST https://firebasehosting.googleapis.com/v1beta1/projects/249283010080/sites/nizhgorodov-980e3/versions/6c5e62413237c691:populateFiles 200
[debug] [2026-06-19T13:40:39.040Z] <<< [apiv2][body] POST https://firebasehosting.googleapis.com/v1beta1/projects/249283010080/sites/nizhgorodov-980e3/versions/6c5e62413237c691:populateFiles {"uploadRequiredHashes":["e0df56a1adc1658190be101219053a8b978ecfbe7472980080cd2ee053ef5bd5","f0a957a7fa1d37bc39f58098f8471787ba219d45dbf5f8b1c09bb9598fab7b72","ab6a15763886d78b655361553933f80999750eb0d3aecea3f21c30c3926909e5","d0e788efd484890290b0a6a012e624897ada01fbef9cc75eb81f91809fc9c8ab","9d6b18b51df520864e0fb7fe66eb7a4fa17ecb8e9c695fd2671f63dfc7be2864","30e80509142cab3e09668515a3aa403602437e172446ba6f04db13d9f010c72d","b46f5a70196ac6178cb8c28f8b255d4ed36febe88eee4e723c107948ded2e25d","f94b5d13c88e4cb908a55d43bca425fb3c7bf70b19e75f65739b18e299b26a1d","535af56ffe77ecd94219535abb3799ddb1f1db928ce45c353e0254cf79f6b6d9","960ad2336dfceadd6bc6cc451991d96c47045fdce287d054c1b3a03195894694","500d777e7147a3b5721bc4e0a9f914704ecd3a3ea0e4fd751f8c97b2495c3379","992b34bcf0b7bffa7f7c6d57989cfa660a5ef9320576edc747cd91da8e4d5da4","78ce1150c953f56e464310e6f7777c89140f902dc2fbd9edff29398b5605a48f","bb1631e1eff6e75ce7690f9e86872631db661b022bebfdc84123826101f5c3a0","db9ea2f07b72927eb72d7084d061348c9188ef5f7a4d542b289a384ac647d726","805ff3db92925bb2b55793e9087588f02e8eea3b363b723688047769f8bf005e","085e92f8be1de1e185503a34d5af451045900d556f88332790ed3bd324c65075","505edd6cb355a130b6562a1182f19b4d65691adfaf7ae73be6c2033c73774ab8","d3da322aa800fddce05f93d1aa7456f921c99abef200fcec99419ec4079a66cd","e434e2d127f74b03ac9b0dd2df1ed961d7a4fd7143d50afa13ff89cba7576973","874fcd093979dd8dab67ff2615f48f8c267f882ac39ea16d1061fd764874f779","328845ff11617ac9ac4cf712d70a5843b954d4021760d1b2b49f9ab021533dfb","a4d8b5ff77f88ba00ed024db279f6cbf85d4e949b2a23aa80e4c167eaf7baa41","33253cb18e7eabc9bc614b45802df4f459279742201437692b2cbbbfc47335bc"],"uploadUrl":"https://upload-firebasehosting.googleapis.com/upload/sites/nizhgorodov-980e3/versions/6c5e62413237c691/files"}
[debug] [2026-06-19T13:40:39.041Z] Checked if tokens are valid: true, expires at: 1781879972894
[debug] [2026-06-19T13:40:39.041Z] Checked if tokens are valid: true, expires at: 1781879972894
[debug] [2026-06-19T13:40:39.041Z] Checked if tokens are valid: true, expires at: 1781879972894
[debug] [2026-06-19T13:40:39.041Z] Checked if tokens are valid: true, expires at: 1781879972894
[debug] [2026-06-19T13:40:39.041Z] Checked if tokens are valid: true, expires at: 1781879972894
[debug] [2026-06-19T13:40:39.041Z] Checked if tokens are valid: true, expires at: 1781879972894
[debug] [2026-06-19T13:40:39.041Z] Checked if tokens are valid: true, expires at: 1781879972894
[debug] [2026-06-19T13:40:39.041Z] Checked if tokens are valid: true, expires at: 1781879972894
[debug] [2026-06-19T13:40:39.041Z] Checked if tokens are valid: true, expires at: 1781879972894
[debug] [2026-06-19T13:40:39.041Z] Checked if tokens are valid: true, expires at: 1781879972894
[debug] [2026-06-19T13:40:39.042Z] Checked if tokens are valid: true, expires at: 1781879972894
[debug] [2026-06-19T13:40:39.042Z] Checked if tokens are valid: true, expires at: 1781879972894
[debug] [2026-06-19T13:40:39.042Z] Checked if tokens are valid: true, expires at: 1781879972894
[debug] [2026-06-19T13:40:39.042Z] Checked if tokens are valid: true, expires at: 1781879972894
[debug] [2026-06-19T13:40:39.042Z] Checked if tokens are valid: true, expires at: 1781879972894
[debug] [2026-06-19T13:40:39.042Z] Checked if tokens are valid: true, expires at: 1781879972894
[debug] [2026-06-19T13:40:39.042Z] Checked if tokens are valid: true, expires at: 1781879972894
[debug] [2026-06-19T13:40:39.042Z] Checked if tokens are valid: true, expires at: 1781879972894
[debug] [2026-06-19T13:40:39.042Z] Checked if tokens are valid: true, expires at: 1781879972894
[debug] [2026-06-19T13:40:39.042Z] Checked if tokens are valid: true, expires at: 1781879972894
[debug] [2026-06-19T13:40:39.043Z] Checked if tokens are valid: true, expires at: 1781879972894
[debug] [2026-06-19T13:40:39.043Z] Checked if tokens are valid: true, expires at: 1781879972894
[debug] [2026-06-19T13:40:39.043Z] Checked if tokens are valid: true, expires at: 1781879972894
[debug] [2026-06-19T13:40:39.043Z] Checked if tokens are valid: true, expires at: 1781879972894
[debug] [2026-06-19T13:40:39.043Z] Checked if tokens are valid: true, expires at: 1781879972894
[debug] [2026-06-19T13:40:39.043Z] Checked if tokens are valid: true, expires at: 1781879972894
[debug] [2026-06-19T13:40:39.043Z] Checked if tokens are valid: true, expires at: 1781879972894
[debug] [2026-06-19T13:40:39.043Z] Checked if tokens are valid: true, expires at: 1781879972894
[debug] [2026-06-19T13:40:39.043Z] Checked if tokens are valid: true, expires at: 1781879972894
[debug] [2026-06-19T13:40:39.043Z] Checked if tokens are valid: true, expires at: 1781879972894
[debug] [2026-06-19T13:40:39.044Z] Checked if tokens are valid: true, expires at: 1781879972894
[debug] [2026-06-19T13:40:39.044Z] Checked if tokens are valid: true, expires at: 1781879972894
[debug] [2026-06-19T13:40:39.044Z] Checked if tokens are valid: true, expires at: 1781879972894
[debug] [2026-06-19T13:40:39.044Z] Checked if tokens are valid: true, expires at: 1781879972894
[debug] [2026-06-19T13:40:39.044Z] Checked if tokens are valid: true, expires at: 1781879972894
[debug] [2026-06-19T13:40:39.044Z] Checked if tokens are valid: true, expires at: 1781879972894
[debug] [2026-06-19T13:40:39.044Z] Checked if tokens are valid: true, expires at: 1781879972894
[debug] [2026-06-19T13:40:39.044Z] Checked if tokens are valid: true, expires at: 1781879972894
[debug] [2026-06-19T13:40:39.044Z] Checked if tokens are valid: true, expires at: 1781879972894
[debug] [2026-06-19T13:40:39.044Z] Checked if tokens are valid: true, expires at: 1781879972894
[debug] [2026-06-19T13:40:39.044Z] Checked if tokens are valid: true, expires at: 1781879972894
[debug] [2026-06-19T13:40:39.044Z] Checked if tokens are valid: true, expires at: 1781879972894
[debug] [2026-06-19T13:40:39.045Z] Checked if tokens are valid: true, expires at: 1781879972894
[debug] [2026-06-19T13:40:39.045Z] Checked if tokens are valid: true, expires at: 1781879972894
[debug] [2026-06-19T13:40:39.045Z] Checked if tokens are valid: true, expires at: 1781879972894
[debug] [2026-06-19T13:40:39.045Z] Checked if tokens are valid: true, expires at: 1781879972894
[debug] [2026-06-19T13:40:39.045Z] Checked if tokens are valid: true, expires at: 1781879972894
[debug] [2026-06-19T13:40:39.045Z] Checked if tokens are valid: true, expires at: 1781879972894
[debug] [2026-06-19T13:40:39.045Z] >>> [apiv2][query] POST https://upload-firebasehosting.googleapis.com/upload/sites/nizhgorodov-980e3/versions/6c5e62413237c691/files/e0df56a1adc1658190be101219053a8b978ecfbe7472980080cd2ee053ef5bd5 [none]
[debug] [2026-06-19T13:40:39.045Z] >>> [apiv2][body] POST https://upload-firebasehosting.googleapis.com/upload/sites/nizhgorodov-980e3/versions/6c5e62413237c691/files/e0df56a1adc1658190be101219053a8b978ecfbe7472980080cd2ee053ef5bd5 [stream]
[debug] [2026-06-19T13:40:39.047Z] >>> [apiv2][query] POST https://upload-firebasehosting.googleapis.com/upload/sites/nizhgorodov-980e3/versions/6c5e62413237c691/files/f0a957a7fa1d37bc39f58098f8471787ba219d45dbf5f8b1c09bb9598fab7b72 [none]
[debug] [2026-06-19T13:40:39.047Z] >>> [apiv2][body] POST https://upload-firebasehosting.googleapis.com/upload/sites/nizhgorodov-980e3/versions/6c5e62413237c691/files/f0a957a7fa1d37bc39f58098f8471787ba219d45dbf5f8b1c09bb9598fab7b72 [stream]
[debug] [2026-06-19T13:40:39.048Z] >>> [apiv2][query] POST https://upload-firebasehosting.googleapis.com/upload/sites/nizhgorodov-980e3/versions/6c5e62413237c691/files/ab6a15763886d78b655361553933f80999750eb0d3aecea3f21c30c3926909e5 [none]
[debug] [2026-06-19T13:40:39.048Z] >>> [apiv2][body] POST https://upload-firebasehosting.googleapis.com/upload/sites/nizhgorodov-980e3/versions/6c5e62413237c691/files/ab6a15763886d78b655361553933f80999750eb0d3aecea3f21c30c3926909e5 [stream]
[debug] [2026-06-19T13:40:39.049Z] >>> [apiv2][query] POST https://upload-firebasehosting.googleapis.com/upload/sites/nizhgorodov-980e3/versions/6c5e62413237c691/files/d0e788efd484890290b0a6a012e624897ada01fbef9cc75eb81f91809fc9c8ab [none]
[debug] [2026-06-19T13:40:39.049Z] >>> [apiv2][body] POST https://upload-firebasehosting.googleapis.com/upload/sites/nizhgorodov-980e3/versions/6c5e62413237c691/files/d0e788efd484890290b0a6a012e624897ada01fbef9cc75eb81f91809fc9c8ab [stream]
[debug] [2026-06-19T13:40:39.051Z] >>> [apiv2][query] POST https://upload-firebasehosting.googleapis.com/upload/sites/nizhgorodov-980e3/versions/6c5e62413237c691/files/9d6b18b51df520864e0fb7fe66eb7a4fa17ecb8e9c695fd2671f63dfc7be2864 [none]
[debug] [2026-06-19T13:40:39.051Z] >>> [apiv2][body] POST https://upload-firebasehosting.googleapis.com/upload/sites/nizhgorodov-980e3/versions/6c5e62413237c691/files/9d6b18b51df520864e0fb7fe66eb7a4fa17ecb8e9c695fd2671f63dfc7be2864 [stream]
[debug] [2026-06-19T13:40:39.051Z] >>> [apiv2][query] POST https://upload-firebasehosting.googleapis.com/upload/sites/nizhgorodov-980e3/versions/6c5e62413237c691/files/30e80509142cab3e09668515a3aa403602437e172446ba6f04db13d9f010c72d [none]
[debug] [2026-06-19T13:40:39.051Z] >>> [apiv2][body] POST https://upload-firebasehosting.googleapis.com/upload/sites/nizhgorodov-980e3/versions/6c5e62413237c691/files/30e80509142cab3e09668515a3aa403602437e172446ba6f04db13d9f010c72d [stream]
[debug] [2026-06-19T13:40:39.052Z] >>> [apiv2][query] POST https://upload-firebasehosting.googleapis.com/upload/sites/nizhgorodov-980e3/versions/6c5e62413237c691/files/b46f5a70196ac6178cb8c28f8b255d4ed36febe88eee4e723c107948ded2e25d [none]
[debug] [2026-06-19T13:40:39.052Z] >>> [apiv2][body] POST https://upload-firebasehosting.googleapis.com/upload/sites/nizhgorodov-980e3/versions/6c5e62413237c691/files/b46f5a70196ac6178cb8c28f8b255d4ed36febe88eee4e723c107948ded2e25d [stream]
[debug] [2026-06-19T13:40:39.053Z] >>> [apiv2][query] POST https://upload-firebasehosting.googleapis.com/upload/sites/nizhgorodov-980e3/versions/6c5e62413237c691/files/f94b5d13c88e4cb908a55d43bca425fb3c7bf70b19e75f65739b18e299b26a1d [none]
[debug] [2026-06-19T13:40:39.053Z] >>> [apiv2][body] POST https://upload-firebasehosting.googleapis.com/upload/sites/nizhgorodov-980e3/versions/6c5e62413237c691/files/f94b5d13c88e4cb908a55d43bca425fb3c7bf70b19e75f65739b18e299b26a1d [stream]
[debug] [2026-06-19T13:40:39.054Z] >>> [apiv2][query] POST https://upload-firebasehosting.googleapis.com/upload/sites/nizhgorodov-980e3/versions/6c5e62413237c691/files/535af56ffe77ecd94219535abb3799ddb1f1db928ce45c353e0254cf79f6b6d9 [none]
[debug] [2026-06-19T13:40:39.054Z] >>> [apiv2][body] POST https://upload-firebasehosting.googleapis.com/upload/sites/nizhgorodov-980e3/versions/6c5e62413237c691/files/535af56ffe77ecd94219535abb3799ddb1f1db928ce45c353e0254cf79f6b6d9 [stream]
[debug] [2026-06-19T13:40:39.055Z] >>> [apiv2][query] POST https://upload-firebasehosting.googleapis.com/upload/sites/nizhgorodov-980e3/versions/6c5e62413237c691/files/960ad2336dfceadd6bc6cc451991d96c47045fdce287d054c1b3a03195894694 [none]
[debug] [2026-06-19T13:40:39.055Z] >>> [apiv2][body] POST https://upload-firebasehosting.googleapis.com/upload/sites/nizhgorodov-980e3/versions/6c5e62413237c691/files/960ad2336dfceadd6bc6cc451991d96c47045fdce287d054c1b3a03195894694 [stream]
[debug] [2026-06-19T13:40:39.055Z] >>> [apiv2][query] POST https://upload-firebasehosting.googleapis.com/upload/sites/nizhgorodov-980e3/versions/6c5e62413237c691/files/500d777e7147a3b5721bc4e0a9f914704ecd3a3ea0e4fd751f8c97b2495c3379 [none]
[debug] [2026-06-19T13:40:39.055Z] >>> [apiv2][body] POST https://upload-firebasehosting.googleapis.com/upload/sites/nizhgorodov-980e3/versions/6c5e62413237c691/files/500d777e7147a3b5721bc4e0a9f914704ecd3a3ea0e4fd751f8c97b2495c3379 [stream]
[debug] [2026-06-19T13:40:39.056Z] >>> [apiv2][query] POST https://upload-firebasehosting.googleapis.com/upload/sites/nizhgorodov-980e3/versions/6c5e62413237c691/files/992b34bcf0b7bffa7f7c6d57989cfa660a5ef9320576edc747cd91da8e4d5da4 [none]
[debug] [2026-06-19T13:40:39.056Z] >>> [apiv2][body] POST https://upload-firebasehosting.googleapis.com/upload/sites/nizhgorodov-980e3/versions/6c5e62413237c691/files/992b34bcf0b7bffa7f7c6d57989cfa660a5ef9320576edc747cd91da8e4d5da4 [stream]
[debug] [2026-06-19T13:40:39.056Z] >>> [apiv2][query] POST https://upload-firebasehosting.googleapis.com/upload/sites/nizhgorodov-980e3/versions/6c5e62413237c691/files/78ce1150c953f56e464310e6f7777c89140f902dc2fbd9edff29398b5605a48f [none]
[debug] [2026-06-19T13:40:39.056Z] >>> [apiv2][body] POST https://upload-firebasehosting.googleapis.com/upload/sites/nizhgorodov-980e3/versions/6c5e62413237c691/files/78ce1150c953f56e464310e6f7777c89140f902dc2fbd9edff29398b5605a48f [stream]
[debug] [2026-06-19T13:40:39.057Z] >>> [apiv2][query] POST https://upload-firebasehosting.googleapis.com/upload/sites/nizhgorodov-980e3/versions/6c5e62413237c691/files/bb1631e1eff6e75ce7690f9e86872631db661b022bebfdc84123826101f5c3a0 [none]
[debug] [2026-06-19T13:40:39.057Z] >>> [apiv2][body] POST https://upload-firebasehosting.googleapis.com/upload/sites/nizhgorodov-980e3/versions/6c5e62413237c691/files/bb1631e1eff6e75ce7690f9e86872631db661b022bebfdc84123826101f5c3a0 [stream]
[debug] [2026-06-19T13:40:39.057Z] >>> [apiv2][query] POST https://upload-firebasehosting.googleapis.com/upload/sites/nizhgorodov-980e3/versions/6c5e62413237c691/files/db9ea2f07b72927eb72d7084d061348c9188ef5f7a4d542b289a384ac647d726 [none]
[debug] [2026-06-19T13:40:39.057Z] >>> [apiv2][body] POST https://upload-firebasehosting.googleapis.com/upload/sites/nizhgorodov-980e3/versions/6c5e62413237c691/files/db9ea2f07b72927eb72d7084d061348c9188ef5f7a4d542b289a384ac647d726 [stream]
[debug] [2026-06-19T13:40:39.058Z] >>> [apiv2][query] POST https://upload-firebasehosting.googleapis.com/upload/sites/nizhgorodov-980e3/versions/6c5e62413237c691/files/805ff3db92925bb2b55793e9087588f02e8eea3b363b723688047769f8bf005e [none]
[debug] [2026-06-19T13:40:39.058Z] >>> [apiv2][body] POST https://upload-firebasehosting.googleapis.com/upload/sites/nizhgorodov-980e3/versions/6c5e62413237c691/files/805ff3db92925bb2b55793e9087588f02e8eea3b363b723688047769f8bf005e [stream]
[debug] [2026-06-19T13:40:39.058Z] >>> [apiv2][query] POST https://upload-firebasehosting.googleapis.com/upload/sites/nizhgorodov-980e3/versions/6c5e62413237c691/files/085e92f8be1de1e185503a34d5af451045900d556f88332790ed3bd324c65075 [none]
[debug] [2026-06-19T13:40:39.058Z] >>> [apiv2][body] POST https://upload-firebasehosting.googleapis.com/upload/sites/nizhgorodov-980e3/versions/6c5e62413237c691/files/085e92f8be1de1e185503a34d5af451045900d556f88332790ed3bd324c65075 [stream]
[debug] [2026-06-19T13:40:39.059Z] >>> [apiv2][query] POST https://upload-firebasehosting.googleapis.com/upload/sites/nizhgorodov-980e3/versions/6c5e62413237c691/files/505edd6cb355a130b6562a1182f19b4d65691adfaf7ae73be6c2033c73774ab8 [none]
[debug] [2026-06-19T13:40:39.059Z] >>> [apiv2][body] POST https://upload-firebasehosting.googleapis.com/upload/sites/nizhgorodov-980e3/versions/6c5e62413237c691/files/505edd6cb355a130b6562a1182f19b4d65691adfaf7ae73be6c2033c73774ab8 [stream]
[debug] [2026-06-19T13:40:39.059Z] >>> [apiv2][query] POST https://upload-firebasehosting.googleapis.com/upload/sites/nizhgorodov-980e3/versions/6c5e62413237c691/files/d3da322aa800fddce05f93d1aa7456f921c99abef200fcec99419ec4079a66cd [none]
[debug] [2026-06-19T13:40:39.059Z] >>> [apiv2][body] POST https://upload-firebasehosting.googleapis.com/upload/sites/nizhgorodov-980e3/versions/6c5e62413237c691/files/d3da322aa800fddce05f93d1aa7456f921c99abef200fcec99419ec4079a66cd [stream]
[debug] [2026-06-19T13:40:39.060Z] >>> [apiv2][query] POST https://upload-firebasehosting.googleapis.com/upload/sites/nizhgorodov-980e3/versions/6c5e62413237c691/files/e434e2d127f74b03ac9b0dd2df1ed961d7a4fd7143d50afa13ff89cba7576973 [none]
[debug] [2026-06-19T13:40:39.060Z] >>> [apiv2][body] POST https://upload-firebasehosting.googleapis.com/upload/sites/nizhgorodov-980e3/versions/6c5e62413237c691/files/e434e2d127f74b03ac9b0dd2df1ed961d7a4fd7143d50afa13ff89cba7576973 [stream]
[debug] [2026-06-19T13:40:39.060Z] >>> [apiv2][query] POST https://upload-firebasehosting.googleapis.com/upload/sites/nizhgorodov-980e3/versions/6c5e62413237c691/files/874fcd093979dd8dab67ff2615f48f8c267f882ac39ea16d1061fd764874f779 [none]
[debug] [2026-06-19T13:40:39.060Z] >>> [apiv2][body] POST https://upload-firebasehosting.googleapis.com/upload/sites/nizhgorodov-980e3/versions/6c5e62413237c691/files/874fcd093979dd8dab67ff2615f48f8c267f882ac39ea16d1061fd764874f779 [stream]
[debug] [2026-06-19T13:40:39.060Z] >>> [apiv2][query] POST https://upload-firebasehosting.googleapis.com/upload/sites/nizhgorodov-980e3/versions/6c5e62413237c691/files/328845ff11617ac9ac4cf712d70a5843b954d4021760d1b2b49f9ab021533dfb [none]
[debug] [2026-06-19T13:40:39.060Z] >>> [apiv2][body] POST https://upload-firebasehosting.googleapis.com/upload/sites/nizhgorodov-980e3/versions/6c5e62413237c691/files/328845ff11617ac9ac4cf712d70a5843b954d4021760d1b2b49f9ab021533dfb [stream]
[debug] [2026-06-19T13:40:39.061Z] >>> [apiv2][query] POST https://upload-firebasehosting.googleapis.com/upload/sites/nizhgorodov-980e3/versions/6c5e62413237c691/files/a4d8b5ff77f88ba00ed024db279f6cbf85d4e949b2a23aa80e4c167eaf7baa41 [none]
[debug] [2026-06-19T13:40:39.061Z] >>> [apiv2][body] POST https://upload-firebasehosting.googleapis.com/upload/sites/nizhgorodov-980e3/versions/6c5e62413237c691/files/a4d8b5ff77f88ba00ed024db279f6cbf85d4e949b2a23aa80e4c167eaf7baa41 [stream]
[debug] [2026-06-19T13:40:39.061Z] >>> [apiv2][query] POST https://upload-firebasehosting.googleapis.com/upload/sites/nizhgorodov-980e3/versions/6c5e62413237c691/files/33253cb18e7eabc9bc614b45802df4f459279742201437692b2cbbbfc47335bc [none]
[debug] [2026-06-19T13:40:39.061Z] >>> [apiv2][body] POST https://upload-firebasehosting.googleapis.com/upload/sites/nizhgorodov-980e3/versions/6c5e62413237c691/files/33253cb18e7eabc9bc614b45802df4f459279742201437692b2cbbbfc47335bc [stream]
[debug] [2026-06-19T13:40:39.062Z] [hosting][populate queue][FINAL] {"max":1453,"min":1453,"avg":1453,"active":0,"complete":1,"success":1,"errored":0,"retried":0,"total":1,"elapsed":1470}
[debug] [2026-06-19T13:40:39.062Z] [hosting] uploads queued: 24
[info] i  hosting: uploading new files [0/24] (0%) 
[debug] [2026-06-19T13:40:40.246Z] <<< [apiv2][status] POST https://upload-firebasehosting.googleapis.com/upload/sites/nizhgorodov-980e3/versions/6c5e62413237c691/files/960ad2336dfceadd6bc6cc451991d96c47045fdce287d054c1b3a03195894694 200
[debug] [2026-06-19T13:40:40.246Z] <<< [apiv2][body] POST https://upload-firebasehosting.googleapis.com/upload/sites/nizhgorodov-980e3/versions/6c5e62413237c691/files/960ad2336dfceadd6bc6cc451991d96c47045fdce287d054c1b3a03195894694 [stream]
[debug] [2026-06-19T13:40:40.310Z] <<< [apiv2][status] POST https://upload-firebasehosting.googleapis.com/upload/sites/nizhgorodov-980e3/versions/6c5e62413237c691/files/805ff3db92925bb2b55793e9087588f02e8eea3b363b723688047769f8bf005e 200
[debug] [2026-06-19T13:40:40.310Z] <<< [apiv2][body] POST https://upload-firebasehosting.googleapis.com/upload/sites/nizhgorodov-980e3/versions/6c5e62413237c691/files/805ff3db92925bb2b55793e9087588f02e8eea3b363b723688047769f8bf005e [stream]
[debug] [2026-06-19T13:40:40.401Z] <<< [apiv2][status] POST https://upload-firebasehosting.googleapis.com/upload/sites/nizhgorodov-980e3/versions/6c5e62413237c691/files/ab6a15763886d78b655361553933f80999750eb0d3aecea3f21c30c3926909e5 200
[debug] [2026-06-19T13:40:40.401Z] <<< [apiv2][body] POST https://upload-firebasehosting.googleapis.com/upload/sites/nizhgorodov-980e3/versions/6c5e62413237c691/files/ab6a15763886d78b655361553933f80999750eb0d3aecea3f21c30c3926909e5 [stream]
[debug] [2026-06-19T13:40:40.434Z] <<< [apiv2][status] POST https://upload-firebasehosting.googleapis.com/upload/sites/nizhgorodov-980e3/versions/6c5e62413237c691/files/500d777e7147a3b5721bc4e0a9f914704ecd3a3ea0e4fd751f8c97b2495c3379 200
[debug] [2026-06-19T13:40:40.434Z] <<< [apiv2][body] POST https://upload-firebasehosting.googleapis.com/upload/sites/nizhgorodov-980e3/versions/6c5e62413237c691/files/500d777e7147a3b5721bc4e0a9f914704ecd3a3ea0e4fd751f8c97b2495c3379 [stream]
[debug] [2026-06-19T13:40:40.438Z] <<< [apiv2][status] POST https://upload-firebasehosting.googleapis.com/upload/sites/nizhgorodov-980e3/versions/6c5e62413237c691/files/30e80509142cab3e09668515a3aa403602437e172446ba6f04db13d9f010c72d 200
[debug] [2026-06-19T13:40:40.438Z] <<< [apiv2][body] POST https://upload-firebasehosting.googleapis.com/upload/sites/nizhgorodov-980e3/versions/6c5e62413237c691/files/30e80509142cab3e09668515a3aa403602437e172446ba6f04db13d9f010c72d [stream]
[debug] [2026-06-19T13:40:40.451Z] <<< [apiv2][status] POST https://upload-firebasehosting.googleapis.com/upload/sites/nizhgorodov-980e3/versions/6c5e62413237c691/files/d0e788efd484890290b0a6a012e624897ada01fbef9cc75eb81f91809fc9c8ab 200
[debug] [2026-06-19T13:40:40.451Z] <<< [apiv2][body] POST https://upload-firebasehosting.googleapis.com/upload/sites/nizhgorodov-980e3/versions/6c5e62413237c691/files/d0e788efd484890290b0a6a012e624897ada01fbef9cc75eb81f91809fc9c8ab [stream]
[debug] [2026-06-19T13:40:40.487Z] <<< [apiv2][status] POST https://upload-firebasehosting.googleapis.com/upload/sites/nizhgorodov-980e3/versions/6c5e62413237c691/files/874fcd093979dd8dab67ff2615f48f8c267f882ac39ea16d1061fd764874f779 200
[debug] [2026-06-19T13:40:40.487Z] <<< [apiv2][body] POST https://upload-firebasehosting.googleapis.com/upload/sites/nizhgorodov-980e3/versions/6c5e62413237c691/files/874fcd093979dd8dab67ff2615f48f8c267f882ac39ea16d1061fd764874f779 [stream]
[debug] [2026-06-19T13:40:40.493Z] <<< [apiv2][status] POST https://upload-firebasehosting.googleapis.com/upload/sites/nizhgorodov-980e3/versions/6c5e62413237c691/files/78ce1150c953f56e464310e6f7777c89140f902dc2fbd9edff29398b5605a48f 200
[debug] [2026-06-19T13:40:40.494Z] <<< [apiv2][body] POST https://upload-firebasehosting.googleapis.com/upload/sites/nizhgorodov-980e3/versions/6c5e62413237c691/files/78ce1150c953f56e464310e6f7777c89140f902dc2fbd9edff29398b5605a48f [stream]
[debug] [2026-06-19T13:40:40.609Z] <<< [apiv2][status] POST https://upload-firebasehosting.googleapis.com/upload/sites/nizhgorodov-980e3/versions/6c5e62413237c691/files/9d6b18b51df520864e0fb7fe66eb7a4fa17ecb8e9c695fd2671f63dfc7be2864 200
[debug] [2026-06-19T13:40:40.610Z] <<< [apiv2][body] POST https://upload-firebasehosting.googleapis.com/upload/sites/nizhgorodov-980e3/versions/6c5e62413237c691/files/9d6b18b51df520864e0fb7fe66eb7a4fa17ecb8e9c695fd2671f63dfc7be2864 [stream]
[debug] [2026-06-19T13:40:40.610Z] <<< [apiv2][status] POST https://upload-firebasehosting.googleapis.com/upload/sites/nizhgorodov-980e3/versions/6c5e62413237c691/files/e434e2d127f74b03ac9b0dd2df1ed961d7a4fd7143d50afa13ff89cba7576973 200
[debug] [2026-06-19T13:40:40.610Z] <<< [apiv2][body] POST https://upload-firebasehosting.googleapis.com/upload/sites/nizhgorodov-980e3/versions/6c5e62413237c691/files/e434e2d127f74b03ac9b0dd2df1ed961d7a4fd7143d50afa13ff89cba7576973 [stream]
[debug] [2026-06-19T13:40:40.611Z] <<< [apiv2][status] POST https://upload-firebasehosting.googleapis.com/upload/sites/nizhgorodov-980e3/versions/6c5e62413237c691/files/505edd6cb355a130b6562a1182f19b4d65691adfaf7ae73be6c2033c73774ab8 200
[debug] [2026-06-19T13:40:40.611Z] <<< [apiv2][body] POST https://upload-firebasehosting.googleapis.com/upload/sites/nizhgorodov-980e3/versions/6c5e62413237c691/files/505edd6cb355a130b6562a1182f19b4d65691adfaf7ae73be6c2033c73774ab8 [stream]
[debug] [2026-06-19T13:40:40.611Z] <<< [apiv2][status] POST https://upload-firebasehosting.googleapis.com/upload/sites/nizhgorodov-980e3/versions/6c5e62413237c691/files/085e92f8be1de1e185503a34d5af451045900d556f88332790ed3bd324c65075 200
[debug] [2026-06-19T13:40:40.611Z] <<< [apiv2][body] POST https://upload-firebasehosting.googleapis.com/upload/sites/nizhgorodov-980e3/versions/6c5e62413237c691/files/085e92f8be1de1e185503a34d5af451045900d556f88332790ed3bd324c65075 [stream]
[debug] [2026-06-19T13:40:40.612Z] <<< [apiv2][status] POST https://upload-firebasehosting.googleapis.com/upload/sites/nizhgorodov-980e3/versions/6c5e62413237c691/files/535af56ffe77ecd94219535abb3799ddb1f1db928ce45c353e0254cf79f6b6d9 200
[debug] [2026-06-19T13:40:40.612Z] <<< [apiv2][body] POST https://upload-firebasehosting.googleapis.com/upload/sites/nizhgorodov-980e3/versions/6c5e62413237c691/files/535af56ffe77ecd94219535abb3799ddb1f1db928ce45c353e0254cf79f6b6d9 [stream]
[debug] [2026-06-19T13:40:40.613Z] <<< [apiv2][status] POST https://upload-firebasehosting.googleapis.com/upload/sites/nizhgorodov-980e3/versions/6c5e62413237c691/files/992b34bcf0b7bffa7f7c6d57989cfa660a5ef9320576edc747cd91da8e4d5da4 200
[debug] [2026-06-19T13:40:40.613Z] <<< [apiv2][body] POST https://upload-firebasehosting.googleapis.com/upload/sites/nizhgorodov-980e3/versions/6c5e62413237c691/files/992b34bcf0b7bffa7f7c6d57989cfa660a5ef9320576edc747cd91da8e4d5da4 [stream]
[debug] [2026-06-19T13:40:40.617Z] <<< [apiv2][status] POST https://upload-firebasehosting.googleapis.com/upload/sites/nizhgorodov-980e3/versions/6c5e62413237c691/files/a4d8b5ff77f88ba00ed024db279f6cbf85d4e949b2a23aa80e4c167eaf7baa41 200
[debug] [2026-06-19T13:40:40.617Z] <<< [apiv2][body] POST https://upload-firebasehosting.googleapis.com/upload/sites/nizhgorodov-980e3/versions/6c5e62413237c691/files/a4d8b5ff77f88ba00ed024db279f6cbf85d4e949b2a23aa80e4c167eaf7baa41 [stream]
[debug] [2026-06-19T13:40:40.617Z] <<< [apiv2][status] POST https://upload-firebasehosting.googleapis.com/upload/sites/nizhgorodov-980e3/versions/6c5e62413237c691/files/328845ff11617ac9ac4cf712d70a5843b954d4021760d1b2b49f9ab021533dfb 200
[debug] [2026-06-19T13:40:40.617Z] <<< [apiv2][body] POST https://upload-firebasehosting.googleapis.com/upload/sites/nizhgorodov-980e3/versions/6c5e62413237c691/files/328845ff11617ac9ac4cf712d70a5843b954d4021760d1b2b49f9ab021533dfb [stream]
[debug] [2026-06-19T13:40:40.675Z] <<< [apiv2][status] POST https://upload-firebasehosting.googleapis.com/upload/sites/nizhgorodov-980e3/versions/6c5e62413237c691/files/e0df56a1adc1658190be101219053a8b978ecfbe7472980080cd2ee053ef5bd5 200
[debug] [2026-06-19T13:40:40.675Z] <<< [apiv2][body] POST https://upload-firebasehosting.googleapis.com/upload/sites/nizhgorodov-980e3/versions/6c5e62413237c691/files/e0df56a1adc1658190be101219053a8b978ecfbe7472980080cd2ee053ef5bd5 [stream]
[debug] [2026-06-19T13:40:40.804Z] <<< [apiv2][status] POST https://upload-firebasehosting.googleapis.com/upload/sites/nizhgorodov-980e3/versions/6c5e62413237c691/files/d3da322aa800fddce05f93d1aa7456f921c99abef200fcec99419ec4079a66cd 200
[debug] [2026-06-19T13:40:40.805Z] <<< [apiv2][body] POST https://upload-firebasehosting.googleapis.com/upload/sites/nizhgorodov-980e3/versions/6c5e62413237c691/files/d3da322aa800fddce05f93d1aa7456f921c99abef200fcec99419ec4079a66cd [stream]
[debug] [2026-06-19T13:40:40.827Z] <<< [apiv2][status] POST https://upload-firebasehosting.googleapis.com/upload/sites/nizhgorodov-980e3/versions/6c5e62413237c691/files/f94b5d13c88e4cb908a55d43bca425fb3c7bf70b19e75f65739b18e299b26a1d 200
[debug] [2026-06-19T13:40:40.827Z] <<< [apiv2][body] POST https://upload-firebasehosting.googleapis.com/upload/sites/nizhgorodov-980e3/versions/6c5e62413237c691/files/f94b5d13c88e4cb908a55d43bca425fb3c7bf70b19e75f65739b18e299b26a1d [stream]
[debug] [2026-06-19T13:40:40.896Z] <<< [apiv2][status] POST https://upload-firebasehosting.googleapis.com/upload/sites/nizhgorodov-980e3/versions/6c5e62413237c691/files/b46f5a70196ac6178cb8c28f8b255d4ed36febe88eee4e723c107948ded2e25d 200
[debug] [2026-06-19T13:40:40.896Z] <<< [apiv2][body] POST https://upload-firebasehosting.googleapis.com/upload/sites/nizhgorodov-980e3/versions/6c5e62413237c691/files/b46f5a70196ac6178cb8c28f8b255d4ed36febe88eee4e723c107948ded2e25d [stream]
[debug] [2026-06-19T13:40:40.947Z] <<< [apiv2][status] POST https://upload-firebasehosting.googleapis.com/upload/sites/nizhgorodov-980e3/versions/6c5e62413237c691/files/db9ea2f07b72927eb72d7084d061348c9188ef5f7a4d542b289a384ac647d726 200
[debug] [2026-06-19T13:40:40.947Z] <<< [apiv2][body] POST https://upload-firebasehosting.googleapis.com/upload/sites/nizhgorodov-980e3/versions/6c5e62413237c691/files/db9ea2f07b72927eb72d7084d061348c9188ef5f7a4d542b289a384ac647d726 [stream]
[debug] [2026-06-19T13:40:41.135Z] <<< [apiv2][status] POST https://upload-firebasehosting.googleapis.com/upload/sites/nizhgorodov-980e3/versions/6c5e62413237c691/files/bb1631e1eff6e75ce7690f9e86872631db661b022bebfdc84123826101f5c3a0 200
[debug] [2026-06-19T13:40:41.136Z] <<< [apiv2][body] POST https://upload-firebasehosting.googleapis.com/upload/sites/nizhgorodov-980e3/versions/6c5e62413237c691/files/bb1631e1eff6e75ce7690f9e86872631db661b022bebfdc84123826101f5c3a0 [stream]
[debug] [2026-06-19T13:40:41.136Z] <<< [apiv2][status] POST https://upload-firebasehosting.googleapis.com/upload/sites/nizhgorodov-980e3/versions/6c5e62413237c691/files/f0a957a7fa1d37bc39f58098f8471787ba219d45dbf5f8b1c09bb9598fab7b72 200
[debug] [2026-06-19T13:40:41.136Z] <<< [apiv2][body] POST https://upload-firebasehosting.googleapis.com/upload/sites/nizhgorodov-980e3/versions/6c5e62413237c691/files/f0a957a7fa1d37bc39f58098f8471787ba219d45dbf5f8b1c09bb9598fab7b72 [stream]
[debug] [2026-06-19T13:40:41.335Z] <<< [apiv2][status] POST https://upload-firebasehosting.googleapis.com/upload/sites/nizhgorodov-980e3/versions/6c5e62413237c691/files/33253cb18e7eabc9bc614b45802df4f459279742201437692b2cbbbfc47335bc 200
[debug] [2026-06-19T13:40:41.335Z] <<< [apiv2][body] POST https://upload-firebasehosting.googleapis.com/upload/sites/nizhgorodov-980e3/versions/6c5e62413237c691/files/33253cb18e7eabc9bc614b45802df4f459279742201437692b2cbbbfc47335bc [stream]
[debug] [2026-06-19T13:40:41.336Z] [hosting][upload queue][FINAL] {"max":2291,"min":1204,"avg":1620.5416666666667,"active":0,"complete":24,"success":24,"errored":0,"retried":0,"total":24,"elapsed":2296}
[info] i  hosting: upload complete 
[info] ✔  hosting[nizhgorodov-980e3]: file upload complete 
[debug] [2026-06-19T13:40:41.337Z] [hosting] deploy completed after 3777ms
[debug] [2026-06-19T13:40:41.337Z] [
  {
    "config": {
      "public": "build",
      "cleanUrls": true,
      "ignore": [
        "firebase.json",
        "**/.*",
        "**/node_modules/**"
      ],
      "site": "nizhgorodov-980e3"
    },
    "version": "projects/249283010080/sites/nizhgorodov-980e3/versions/6c5e62413237c691"
  }
]
[info] i  hosting[nizhgorodov-980e3]: finalizing version... 
[debug] [2026-06-19T13:40:41.340Z] Checked if tokens are valid: true, expires at: 1781879972894
[debug] [2026-06-19T13:40:41.340Z] Checked if tokens are valid: true, expires at: 1781879972894
[debug] [2026-06-19T13:40:41.341Z] >>> [apiv2][query] PATCH https://firebasehosting.googleapis.com/v1beta1/projects/-/sites/nizhgorodov-980e3/versions/6c5e62413237c691 updateMask=status%2Cconfig
[debug] [2026-06-19T13:40:41.341Z] >>> [apiv2][body] PATCH https://firebasehosting.googleapis.com/v1beta1/projects/-/sites/nizhgorodov-980e3/versions/6c5e62413237c691 {"status":"FINALIZED","config":{"cleanUrls":true}}
[debug] [2026-06-19T13:40:42.838Z] <<< [apiv2][status] PATCH https://firebasehosting.googleapis.com/v1beta1/projects/-/sites/nizhgorodov-980e3/versions/6c5e62413237c691 200
[debug] [2026-06-19T13:40:42.838Z] <<< [apiv2][body] PATCH https://firebasehosting.googleapis.com/v1beta1/projects/-/sites/nizhgorodov-980e3/versions/6c5e62413237c691 {"name":"projects/249283010080/sites/nizhgorodov-980e3/versions/6c5e62413237c691","status":"FINALIZED","config":{"cleanUrls":true},"labels":{"deployment-tool":"cli-firebase"},"createTime":"2026-06-19T13:39:36.384578Z","createUser":{"email":"8900800700a@gmail.com"},"finalizeTime":"2026-06-19T13:40:42.672395Z","finalizeUser":{"email":"8900800700a@gmail.com"}}
[debug] [2026-06-19T13:40:42.838Z] [hosting] finalized version for nizhgorodov-980e3:[object Object]
[info] ✔  hosting[nizhgorodov-980e3]: version finalized 
[info] i  hosting[nizhgorodov-980e3]: releasing new version... 
[debug] [2026-06-19T13:40:42.839Z] Checked if tokens are valid: true, expires at: 1781879972894
[debug] [2026-06-19T13:40:42.839Z] Checked if tokens are valid: true, expires at: 1781879972894
[debug] [2026-06-19T13:40:42.839Z] >>> [apiv2][query] POST https://firebasehosting.googleapis.com/v1beta1/projects/-/sites/nizhgorodov-980e3/channels/live/releases versionName=projects%2F249283010080%2Fsites%2Fnizhgorodov-980e3%2Fversions%2F6c5e62413237c691
[debug] [2026-06-19T13:40:42.839Z] >>> [apiv2][body] POST https://firebasehosting.googleapis.com/v1beta1/projects/-/sites/nizhgorodov-980e3/channels/live/releases {}
[debug] [2026-06-19T13:40:44.888Z] <<< [apiv2][status] POST https://firebasehosting.googleapis.com/v1beta1/projects/-/sites/nizhgorodov-980e3/channels/live/releases 200
[debug] [2026-06-19T13:40:44.888Z] <<< [apiv2][body] POST https://firebasehosting.googleapis.com/v1beta1/projects/-/sites/nizhgorodov-980e3/channels/live/releases {"name":"projects/249283010080/sites/nizhgorodov-980e3/channels/live/releases/1781876443788000","version":{"name":"projects/249283010080/sites/nizhgorodov-980e3/versions/6c5e62413237c691","status":"FINALIZED","config":{"cleanUrls":true},"labels":{"deployment-tool":"cli-firebase"},"createTime":"2026-06-19T13:39:36.384578Z","createUser":{"email":"8900800700a@gmail.com","imageUrl":"https://lh3.googleusercontent.com/a/ACg8ocL_atsCL6wFE296dBchzV5cZaKTqVlSDOvpAgDzQ1bDpEjiudRv"},"finalizeTime":"2026-06-19T13:40:42.672395Z","finalizeUser":{"email":"8900800700a@gmail.com","imageUrl":"https://lh3.googleusercontent.com/a/ACg8ocL_atsCL6wFE296dBchzV5cZaKTqVlSDOvpAgDzQ1bDpEjiudRv"}},"type":"DEPLOY","releaseTime":"2026-06-19T13:40:43.788Z","releaseUser":{"email":"8900800700a@gmail.com","imageUrl":"https://lh3.googleusercontent.com/a/ACg8ocL_atsCL6wFE296dBchzV5cZaKTqVlSDOvpAgDzQ1bDpEjiudRv"}}
[debug] [2026-06-19T13:40:44.888Z] [hosting] release: {"name":"projects/249283010080/sites/nizhgorodov-980e3/channels/live/releases/1781876443788000","version":{"name":"projects/249283010080/sites/nizhgorodov-980e3/versions/6c5e62413237c691","status":"FINALIZED","config":{"cleanUrls":true},"labels":{"deployment-tool":"cli-firebase"},"createTime":"2026-06-19T13:39:36.384578Z","createUser":{"email":"8900800700a@gmail.com","imageUrl":"https://lh3.googleusercontent.com/a/ACg8ocL_atsCL6wFE296dBchzV5cZaKTqVlSDOvpAgDzQ1bDpEjiudRv"},"finalizeTime":"2026-06-19T13:40:42.672395Z","finalizeUser":{"email":"8900800700a@gmail.com","imageUrl":"https://lh3.googleusercontent.com/a/ACg8ocL_atsCL6wFE296dBchzV5cZaKTqVlSDOvpAgDzQ1bDpEjiudRv"}},"type":"DEPLOY","releaseTime":"2026-06-19T13:40:43.788Z","releaseUser":{"email":"8900800700a@gmail.com","imageUrl":"https://lh3.googleusercontent.com/a/ACg8ocL_atsCL6wFE296dBchzV5cZaKTqVlSDOvpAgDzQ1bDpEjiudRv"}}
[info] ✔  hosting[nizhgorodov-980e3]: release complete 
[info] 
[info] ✔  Deploy complete! 
[info] 
[info] Project Console: https://console.firebase.google.com/project/nizhgorodov-980e3/overview
[info] Hosting URL: https://nizhgorodov-980e3.web.app
[debug] [2026-06-19T13:40:54.900Z] Error: Timed out.
    at Timeout._onTimeout (/opt/homebrew/lib/node_modules/firebase-tools/lib/utils.js:308:49)
    at listOnTimeout (node:internal/timers:605:17)
    at process.processTimers (node:internal/timers:541:7)
[error] 
[error] Error: An unexpected error has occurred.
[debug] [2026-06-19T13:47:45.366Z] ----------------------------------------------------------------------
[debug] [2026-06-19T13:47:45.367Z] Command:       /opt/homebrew/Cellar/node/25.2.1/bin/node /opt/homebrew/bin/firebase deploy --only hosting --project nizhgorodov-980e3 --non-interactive
[debug] [2026-06-19T13:47:45.367Z] CLI Version:   15.7.0
[debug] [2026-06-19T13:47:45.367Z] Platform:      darwin
[debug] [2026-06-19T13:47:45.367Z] Node Version:  v25.2.1
[debug] [2026-06-19T13:47:45.367Z] Time:          Fri Jun 19 2026 16:47:45 GMT+0300 (Moscow Standard Time)
[debug] [2026-06-19T13:47:45.367Z] ----------------------------------------------------------------------
[debug] 
[debug] [2026-06-19T13:47:45.930Z] > command requires scopes: ["email","openid","https://www.googleapis.com/auth/cloudplatformprojects.readonly","https://www.googleapis.com/auth/firebase","https://www.googleapis.com/auth/cloud-platform"]
[debug] [2026-06-19T13:47:45.930Z] > authorizing via signed-in user (8900800700a@gmail.com)
[debug] [2026-06-19T13:47:45.930Z] [iam] checking project nizhgorodov-980e3 for permissions ["firebase.projects.get","firebasehosting.sites.update"]
[debug] [2026-06-19T13:47:45.930Z] Checked if tokens are valid: true, expires at: 1781879972894
[debug] [2026-06-19T13:47:45.930Z] Checked if tokens are valid: true, expires at: 1781879972894
[debug] [2026-06-19T13:47:45.931Z] >>> [apiv2][query] POST https://cloudresourcemanager.googleapis.com/v1/projects/nizhgorodov-980e3:testIamPermissions [none]
[debug] [2026-06-19T13:47:45.931Z] >>> [apiv2][(partial)header] POST https://cloudresourcemanager.googleapis.com/v1/projects/nizhgorodov-980e3:testIamPermissions  x-goog-user-project=nizhgorodov-980e3
[debug] [2026-06-19T13:47:45.931Z] >>> [apiv2][body] POST https://cloudresourcemanager.googleapis.com/v1/projects/nizhgorodov-980e3:testIamPermissions {"permissions":["firebase.projects.get","firebasehosting.sites.update"]}
[debug] [2026-06-19T13:47:46.823Z] <<< [apiv2][status] POST https://cloudresourcemanager.googleapis.com/v1/projects/nizhgorodov-980e3:testIamPermissions 200
[debug] [2026-06-19T13:47:46.823Z] <<< [apiv2][body] POST https://cloudresourcemanager.googleapis.com/v1/projects/nizhgorodov-980e3:testIamPermissions {"permissions":["firebase.projects.get","firebasehosting.sites.update"]}
[debug] [2026-06-19T13:47:46.824Z] Checked if tokens are valid: true, expires at: 1781879972894
[debug] [2026-06-19T13:47:46.824Z] Checked if tokens are valid: true, expires at: 1781879972894
[debug] [2026-06-19T13:47:46.824Z] >>> [apiv2][query] GET https://firebase.googleapis.com/v1beta1/projects/nizhgorodov-980e3 [none]
[debug] [2026-06-19T13:47:47.551Z] <<< [apiv2][status] GET https://firebase.googleapis.com/v1beta1/projects/nizhgorodov-980e3 200
[debug] [2026-06-19T13:47:47.551Z] <<< [apiv2][body] GET https://firebase.googleapis.com/v1beta1/projects/nizhgorodov-980e3 {"projectId":"nizhgorodov-980e3","projectNumber":"249283010080","displayName":"nizhgorodov","name":"projects/nizhgorodov-980e3","resources":{"hostingSite":"nizhgorodov-980e3"},"state":"ACTIVE","etag":"1_bac89f22-5c13-4f38-9160-2f12bc9431ec"}
[info] 
[info] === Deploying to 'nizhgorodov-980e3'...
[info] 
[info] i  deploying hosting 
[debug] [2026-06-19T13:47:47.556Z] Checked if tokens are valid: true, expires at: 1781879972894
[debug] [2026-06-19T13:47:47.556Z] Checked if tokens are valid: true, expires at: 1781879972894
[debug] [2026-06-19T13:47:47.556Z] >>> [apiv2][query] POST https://firebasehosting.googleapis.com/v1beta1/projects/-/sites/nizhgorodov-980e3/versions [none]
[debug] [2026-06-19T13:47:47.556Z] >>> [apiv2][body] POST https://firebasehosting.googleapis.com/v1beta1/projects/-/sites/nizhgorodov-980e3/versions {"status":"CREATED","labels":{"deployment-tool":"cli-firebase"}}
[debug] [2026-06-19T13:47:49.216Z] <<< [apiv2][status] POST https://firebasehosting.googleapis.com/v1beta1/projects/-/sites/nizhgorodov-980e3/versions 200
[debug] [2026-06-19T13:47:49.216Z] <<< [apiv2][body] POST https://firebasehosting.googleapis.com/v1beta1/projects/-/sites/nizhgorodov-980e3/versions {"name":"projects/249283010080/sites/nizhgorodov-980e3/versions/74b66fcaea54a127","status":"CREATED","config":{},"labels":{"deployment-tool":"cli-firebase"}}
[info] i  hosting[nizhgorodov-980e3]: beginning deploy... 
[info] i  hosting[nizhgorodov-980e3]: found 37 files in build 
[debug] [2026-06-19T13:48:48.635Z] [hosting] uploading with 200 concurrency
[debug] [2026-06-19T13:48:48.653Z] Checked if tokens are valid: true, expires at: 1781879972894
[debug] [2026-06-19T13:48:48.653Z] Checked if tokens are valid: true, expires at: 1781879972894
[debug] [2026-06-19T13:48:48.654Z] [hosting] hash cache [YnVpbGQ] stored for 37 files
[debug] [2026-06-19T13:48:48.654Z] [hosting][hash queue][FINAL] {"max":13,"min":8,"avg":8.945945945945946,"active":0,"complete":37,"success":37,"errored":0,"retried":0,"total":37,"elapsed":17}
[debug] [2026-06-19T13:48:48.654Z] >>> [apiv2][query] POST https://firebasehosting.googleapis.com/v1beta1/projects/249283010080/sites/nizhgorodov-980e3/versions/74b66fcaea54a127:populateFiles [none]
[debug] [2026-06-19T13:48:48.654Z] >>> [apiv2][body] POST https://firebasehosting.googleapis.com/v1beta1/projects/249283010080/sites/nizhgorodov-980e3/versions/74b66fcaea54a127:populateFiles {"files":{"/robots.txt":"15ebd5eee987a7f1469e112cc57715051a3f94fb368fd1deb3fdde37dbead0db","/sitemap.xml":"f0a957a7fa1d37bc39f58098f8471787ba219d45dbf5f8b1c09bb9598fab7b72","/en.html":"d45f4e8ccc42cfd985bbabeba85a5752f7d18aea2d94eace4bb3d62f79093bb2","/favicon.svg":"5d87b9a98aa1af4b6e0142691fb92d2134b02308438d571624b77dd291ad5ba8","/logo/yandex.svg":"73b2a6d464bff5f562a81d068acd5fec30a5894baf4ff5f018166494e3348780","/ru.html":"3e8c3357369ff15d6db721bfe82835d35a8b82a8c76ba12a0ab4e8f50b0c5d6a","/_app/version.json":"157a9bce42708232675ef8db8159ef32c0e6cd6cfa766a9a4d09b13a11f6dca9","/logo/perfema.svg":"c70e76bf36b5a6b7916a091635477bce98665ab0c3041f8ac7fe9ea4525ce3b7","/_app/env.js":"b6422bbd2a0c5c86bc11dd510c32c124689f1abbb2498ede068c8222cf6cf07b","/edu/hse.svg":"3616db159c4297adf63984895acf0b8d6c7de0e23dcbb61e9342d5643c55c1d2","/_app/immutable/nodes/4.D5e9gHot.js":"766abc066f4fb93bc6091aa999cafe4f17ce1c2a592eef5844a6b8bda30e08f4","/logo/edya.svg":"b4d0b1000530f2062b459e4b9a6e114ca84095166ac4d5bc59dfff4a71ecf5b6","/_app/immutable/nodes/3.DTqlvm9W.js":"fa6b8ce2dd5475dff09178ee9e40e6013f10865d75e6dbcf3a43dff53717c11b","/_app/immutable/nodes/1.X7L6noly.js":"e03f54872e6c1a64d0becfb05f76dd16835d1da32cd1a282cbb6073d3d2ec1ba","/_app/immutable/entry/start.Y2uyt7dB.js":"658533761501816fc0294734226d8241720f2e99c0b1ca0e3a87c9b6499ea628","/_app/immutable/nodes/2.BK1x-aAR.js":"04be64ede5016402095ed78f97f8c42cf1e42e60e4fa75e25fdbb0af2cf6f79d","/_app/immutable/nodes/0.E0UaDmnF.js":"9548670f29d9d07afa7cd2b677821e3a762cea752130b6fe2207b91ff3aee4b3","/_app/immutable/entry/app.BLfVwaPG.js":"a1eb33f8c59ca94686f2d2b5beb551a27b36fcbda0dfbc8bcd28487020eefbb2","/_app/immutable/chunks/Dxaj-fIP.js":"9d6b18b51df520864e0fb7fe66eb7a4fa17ecb8e9c695fd2671f63dfc7be2864","/index.html":"3ab97bf4d62cf48f950c1e8af096979bc4636a5bc5ed5009a8f260da6071dcdd","/_app/immutable/chunks/obVeejdx.js":"bb1631e1eff6e75ce7690f9e86872631db661b022bebfdc84123826101f5c3a0","/_app/immutable/chunks/D01C4JX9.js":"500d777e7147a3b5721bc4e0a9f914704ecd3a3ea0e4fd751f8c97b2495c3379","/_app/immutable/chunks/DBewB76Q.js":"874fcd093979dd8dab67ff2615f48f8c267f882ac39ea16d1061fd764874f779","/_app/immutable/chunks/DlSTxH-B.js":"328845ff11617ac9ac4cf712d70a5843b954d4021760d1b2b49f9ab021533dfb","/_app/immutable/chunks/B3TgCwa8.js":"992b34bcf0b7bffa7f7c6d57989cfa660a5ef9320576edc747cd91da8e4d5da4","/_app/immutable/assets/0.DwmJy8FY.css":"e434e2d127f74b03ac9b0dd2df1ed961d7a4fd7143d50afa13ff89cba7576973","/_app/immutable/chunks/DXFUCijQ.js":"b3f161c8793c65147b82464262014f02903c34b694c76f23df7d25366e89d617","/_app/immutable/chunks/onBM3XID.js":"a36aab9d81b09590c7f64b47c3ebaabceaa309bcbf848b0dbce3837855086138","/_app/immutable/chunks/D-GU6gwO.js":"085e92f8be1de1e185503a34d5af451045900d556f88332790ed3bd324c65075","/_app/immutable/chunks/Bwb697PL.js":"63d65f2d2ebdc3f775f3a4e3f1746b520750acab1d8b025326f9570c76cec986","/og.png":"20e3ff7d7b9a62cb4e8a5b759f9de9c1aa9fc28d889aedfefe566a5e619a57da","/og-en.png":"96030b98dec44474932ec3f2025104bc0be993d9c5c4cd5bf42bffbd4b3f6171","/edu/misis.png":"8dfbf865cc6f44ce3230afd34298d033edaea63c0b81e9cf9db4807607b75e03","/photo-2.jpg":"6c09a7dd27f85dcd21c883643a87186fd0ad7004bc2e0c1ff78d61c345ad6e3e","/photo-3.jpg":"128adaa4e24a4ef6f1aee4f0c7c177a04142290d7ed5b4fbb3fbd1ac290205c1","/photo-1.jpg":"98bec2a7adc2cb497cee250b2264cd0675e5ffaad135d3cf3bf62a6d19f0730d","/avatar.jpg":"98bec2a7adc2cb497cee250b2264cd0675e5ffaad135d3cf3bf62a6d19f0730d"}}
[info] i  hosting: adding files to version [0/37] (0%) 
[info] i  hosting: adding files to version [0/37] (0%) 
[info] i  hosting: adding files to version [0/37] (0%) 
[debug] [2026-06-19T13:48:54.775Z] <<< [apiv2][status] POST https://firebasehosting.googleapis.com/v1beta1/projects/249283010080/sites/nizhgorodov-980e3/versions/74b66fcaea54a127:populateFiles 200
[debug] [2026-06-19T13:48:54.775Z] <<< [apiv2][body] POST https://firebasehosting.googleapis.com/v1beta1/projects/249283010080/sites/nizhgorodov-980e3/versions/74b66fcaea54a127:populateFiles {"uploadRequiredHashes":["9548670f29d9d07afa7cd2b677821e3a762cea752130b6fe2207b91ff3aee4b3","766abc066f4fb93bc6091aa999cafe4f17ce1c2a592eef5844a6b8bda30e08f4","3e8c3357369ff15d6db721bfe82835d35a8b82a8c76ba12a0ab4e8f50b0c5d6a","d45f4e8ccc42cfd985bbabeba85a5752f7d18aea2d94eace4bb3d62f79093bb2","a36aab9d81b09590c7f64b47c3ebaabceaa309bcbf848b0dbce3837855086138","3ab97bf4d62cf48f950c1e8af096979bc4636a5bc5ed5009a8f260da6071dcdd","157a9bce42708232675ef8db8159ef32c0e6cd6cfa766a9a4d09b13a11f6dca9","a1eb33f8c59ca94686f2d2b5beb551a27b36fcbda0dfbc8bcd28487020eefbb2","04be64ede5016402095ed78f97f8c42cf1e42e60e4fa75e25fdbb0af2cf6f79d","e03f54872e6c1a64d0becfb05f76dd16835d1da32cd1a282cbb6073d3d2ec1ba","b3f161c8793c65147b82464262014f02903c34b694c76f23df7d25366e89d617","63d65f2d2ebdc3f775f3a4e3f1746b520750acab1d8b025326f9570c76cec986","658533761501816fc0294734226d8241720f2e99c0b1ca0e3a87c9b6499ea628","fa6b8ce2dd5475dff09178ee9e40e6013f10865d75e6dbcf3a43dff53717c11b","96030b98dec44474932ec3f2025104bc0be993d9c5c4cd5bf42bffbd4b3f6171","20e3ff7d7b9a62cb4e8a5b759f9de9c1aa9fc28d889aedfefe566a5e619a57da"],"uploadUrl":"https://upload-firebasehosting.googleapis.com/upload/sites/nizhgorodov-980e3/versions/74b66fcaea54a127/files"}
[debug] [2026-06-19T13:48:54.776Z] Checked if tokens are valid: true, expires at: 1781879972894
[debug] [2026-06-19T13:48:54.776Z] Checked if tokens are valid: true, expires at: 1781879972894
[debug] [2026-06-19T13:48:54.776Z] Checked if tokens are valid: true, expires at: 1781879972894
[debug] [2026-06-19T13:48:54.776Z] Checked if tokens are valid: true, expires at: 1781879972894
[debug] [2026-06-19T13:48:54.776Z] Checked if tokens are valid: true, expires at: 1781879972894
[debug] [2026-06-19T13:48:54.776Z] Checked if tokens are valid: true, expires at: 1781879972894
[debug] [2026-06-19T13:48:54.776Z] Checked if tokens are valid: true, expires at: 1781879972894
[debug] [2026-06-19T13:48:54.776Z] Checked if tokens are valid: true, expires at: 1781879972894
[debug] [2026-06-19T13:48:54.776Z] Checked if tokens are valid: true, expires at: 1781879972894
[debug] [2026-06-19T13:48:54.776Z] Checked if tokens are valid: true, expires at: 1781879972894
[debug] [2026-06-19T13:48:54.776Z] Checked if tokens are valid: true, expires at: 1781879972894
[debug] [2026-06-19T13:48:54.776Z] Checked if tokens are valid: true, expires at: 1781879972894
[debug] [2026-06-19T13:48:54.776Z] Checked if tokens are valid: true, expires at: 1781879972894
[debug] [2026-06-19T13:48:54.776Z] Checked if tokens are valid: true, expires at: 1781879972894
[debug] [2026-06-19T13:48:54.776Z] Checked if tokens are valid: true, expires at: 1781879972894
[debug] [2026-06-19T13:48:54.776Z] Checked if tokens are valid: true, expires at: 1781879972894
[debug] [2026-06-19T13:48:54.776Z] Checked if tokens are valid: true, expires at: 1781879972894
[debug] [2026-06-19T13:48:54.776Z] Checked if tokens are valid: true, expires at: 1781879972894
[debug] [2026-06-19T13:48:54.776Z] Checked if tokens are valid: true, expires at: 1781879972894
[debug] [2026-06-19T13:48:54.776Z] Checked if tokens are valid: true, expires at: 1781879972894
[debug] [2026-06-19T13:48:54.776Z] Checked if tokens are valid: true, expires at: 1781879972894
[debug] [2026-06-19T13:48:54.776Z] Checked if tokens are valid: true, expires at: 1781879972894
[debug] [2026-06-19T13:48:54.777Z] Checked if tokens are valid: true, expires at: 1781879972894
[debug] [2026-06-19T13:48:54.777Z] Checked if tokens are valid: true, expires at: 1781879972894
[debug] [2026-06-19T13:48:54.777Z] Checked if tokens are valid: true, expires at: 1781879972894
[debug] [2026-06-19T13:48:54.777Z] Checked if tokens are valid: true, expires at: 1781879972894
[debug] [2026-06-19T13:48:54.777Z] Checked if tokens are valid: true, expires at: 1781879972894
[debug] [2026-06-19T13:48:54.777Z] Checked if tokens are valid: true, expires at: 1781879972894
[debug] [2026-06-19T13:48:54.778Z] Checked if tokens are valid: true, expires at: 1781879972894
[debug] [2026-06-19T13:48:54.778Z] Checked if tokens are valid: true, expires at: 1781879972894
[debug] [2026-06-19T13:48:54.778Z] Checked if tokens are valid: true, expires at: 1781879972894
[debug] [2026-06-19T13:48:54.778Z] Checked if tokens are valid: true, expires at: 1781879972894
[debug] [2026-06-19T13:48:54.779Z] >>> [apiv2][query] POST https://upload-firebasehosting.googleapis.com/upload/sites/nizhgorodov-980e3/versions/74b66fcaea54a127/files/9548670f29d9d07afa7cd2b677821e3a762cea752130b6fe2207b91ff3aee4b3 [none]
[debug] [2026-06-19T13:48:54.779Z] >>> [apiv2][body] POST https://upload-firebasehosting.googleapis.com/upload/sites/nizhgorodov-980e3/versions/74b66fcaea54a127/files/9548670f29d9d07afa7cd2b677821e3a762cea752130b6fe2207b91ff3aee4b3 [stream]
[debug] [2026-06-19T13:48:54.782Z] >>> [apiv2][query] POST https://upload-firebasehosting.googleapis.com/upload/sites/nizhgorodov-980e3/versions/74b66fcaea54a127/files/766abc066f4fb93bc6091aa999cafe4f17ce1c2a592eef5844a6b8bda30e08f4 [none]
[debug] [2026-06-19T13:48:54.783Z] >>> [apiv2][body] POST https://upload-firebasehosting.googleapis.com/upload/sites/nizhgorodov-980e3/versions/74b66fcaea54a127/files/766abc066f4fb93bc6091aa999cafe4f17ce1c2a592eef5844a6b8bda30e08f4 [stream]
[debug] [2026-06-19T13:48:54.784Z] >>> [apiv2][query] POST https://upload-firebasehosting.googleapis.com/upload/sites/nizhgorodov-980e3/versions/74b66fcaea54a127/files/3e8c3357369ff15d6db721bfe82835d35a8b82a8c76ba12a0ab4e8f50b0c5d6a [none]
[debug] [2026-06-19T13:48:54.784Z] >>> [apiv2][body] POST https://upload-firebasehosting.googleapis.com/upload/sites/nizhgorodov-980e3/versions/74b66fcaea54a127/files/3e8c3357369ff15d6db721bfe82835d35a8b82a8c76ba12a0ab4e8f50b0c5d6a [stream]
[debug] [2026-06-19T13:48:54.784Z] >>> [apiv2][query] POST https://upload-firebasehosting.googleapis.com/upload/sites/nizhgorodov-980e3/versions/74b66fcaea54a127/files/d45f4e8ccc42cfd985bbabeba85a5752f7d18aea2d94eace4bb3d62f79093bb2 [none]
[debug] [2026-06-19T13:48:54.784Z] >>> [apiv2][body] POST https://upload-firebasehosting.googleapis.com/upload/sites/nizhgorodov-980e3/versions/74b66fcaea54a127/files/d45f4e8ccc42cfd985bbabeba85a5752f7d18aea2d94eace4bb3d62f79093bb2 [stream]
[debug] [2026-06-19T13:48:54.784Z] >>> [apiv2][query] POST https://upload-firebasehosting.googleapis.com/upload/sites/nizhgorodov-980e3/versions/74b66fcaea54a127/files/a36aab9d81b09590c7f64b47c3ebaabceaa309bcbf848b0dbce3837855086138 [none]
[debug] [2026-06-19T13:48:54.784Z] >>> [apiv2][body] POST https://upload-firebasehosting.googleapis.com/upload/sites/nizhgorodov-980e3/versions/74b66fcaea54a127/files/a36aab9d81b09590c7f64b47c3ebaabceaa309bcbf848b0dbce3837855086138 [stream]
[debug] [2026-06-19T13:48:54.785Z] >>> [apiv2][query] POST https://upload-firebasehosting.googleapis.com/upload/sites/nizhgorodov-980e3/versions/74b66fcaea54a127/files/3ab97bf4d62cf48f950c1e8af096979bc4636a5bc5ed5009a8f260da6071dcdd [none]
[debug] [2026-06-19T13:48:54.785Z] >>> [apiv2][body] POST https://upload-firebasehosting.googleapis.com/upload/sites/nizhgorodov-980e3/versions/74b66fcaea54a127/files/3ab97bf4d62cf48f950c1e8af096979bc4636a5bc5ed5009a8f260da6071dcdd [stream]
[debug] [2026-06-19T13:48:54.785Z] >>> [apiv2][query] POST https://upload-firebasehosting.googleapis.com/upload/sites/nizhgorodov-980e3/versions/74b66fcaea54a127/files/157a9bce42708232675ef8db8159ef32c0e6cd6cfa766a9a4d09b13a11f6dca9 [none]
[debug] [2026-06-19T13:48:54.785Z] >>> [apiv2][body] POST https://upload-firebasehosting.googleapis.com/upload/sites/nizhgorodov-980e3/versions/74b66fcaea54a127/files/157a9bce42708232675ef8db8159ef32c0e6cd6cfa766a9a4d09b13a11f6dca9 [stream]
[debug] [2026-06-19T13:48:54.786Z] >>> [apiv2][query] POST https://upload-firebasehosting.googleapis.com/upload/sites/nizhgorodov-980e3/versions/74b66fcaea54a127/files/a1eb33f8c59ca94686f2d2b5beb551a27b36fcbda0dfbc8bcd28487020eefbb2 [none]
[debug] [2026-06-19T13:48:54.786Z] >>> [apiv2][body] POST https://upload-firebasehosting.googleapis.com/upload/sites/nizhgorodov-980e3/versions/74b66fcaea54a127/files/a1eb33f8c59ca94686f2d2b5beb551a27b36fcbda0dfbc8bcd28487020eefbb2 [stream]
[debug] [2026-06-19T13:48:54.786Z] >>> [apiv2][query] POST https://upload-firebasehosting.googleapis.com/upload/sites/nizhgorodov-980e3/versions/74b66fcaea54a127/files/04be64ede5016402095ed78f97f8c42cf1e42e60e4fa75e25fdbb0af2cf6f79d [none]
[debug] [2026-06-19T13:48:54.786Z] >>> [apiv2][body] POST https://upload-firebasehosting.googleapis.com/upload/sites/nizhgorodov-980e3/versions/74b66fcaea54a127/files/04be64ede5016402095ed78f97f8c42cf1e42e60e4fa75e25fdbb0af2cf6f79d [stream]
[debug] [2026-06-19T13:48:54.786Z] >>> [apiv2][query] POST https://upload-firebasehosting.googleapis.com/upload/sites/nizhgorodov-980e3/versions/74b66fcaea54a127/files/e03f54872e6c1a64d0becfb05f76dd16835d1da32cd1a282cbb6073d3d2ec1ba [none]
[debug] [2026-06-19T13:48:54.786Z] >>> [apiv2][body] POST https://upload-firebasehosting.googleapis.com/upload/sites/nizhgorodov-980e3/versions/74b66fcaea54a127/files/e03f54872e6c1a64d0becfb05f76dd16835d1da32cd1a282cbb6073d3d2ec1ba [stream]
[debug] [2026-06-19T13:48:54.787Z] >>> [apiv2][query] POST https://upload-firebasehosting.googleapis.com/upload/sites/nizhgorodov-980e3/versions/74b66fcaea54a127/files/b3f161c8793c65147b82464262014f02903c34b694c76f23df7d25366e89d617 [none]
[debug] [2026-06-19T13:48:54.787Z] >>> [apiv2][body] POST https://upload-firebasehosting.googleapis.com/upload/sites/nizhgorodov-980e3/versions/74b66fcaea54a127/files/b3f161c8793c65147b82464262014f02903c34b694c76f23df7d25366e89d617 [stream]
[debug] [2026-06-19T13:48:54.788Z] >>> [apiv2][query] POST https://upload-firebasehosting.googleapis.com/upload/sites/nizhgorodov-980e3/versions/74b66fcaea54a127/files/63d65f2d2ebdc3f775f3a4e3f1746b520750acab1d8b025326f9570c76cec986 [none]
[debug] [2026-06-19T13:48:54.788Z] >>> [apiv2][body] POST https://upload-firebasehosting.googleapis.com/upload/sites/nizhgorodov-980e3/versions/74b66fcaea54a127/files/63d65f2d2ebdc3f775f3a4e3f1746b520750acab1d8b025326f9570c76cec986 [stream]
[debug] [2026-06-19T13:48:54.788Z] >>> [apiv2][query] POST https://upload-firebasehosting.googleapis.com/upload/sites/nizhgorodov-980e3/versions/74b66fcaea54a127/files/658533761501816fc0294734226d8241720f2e99c0b1ca0e3a87c9b6499ea628 [none]
[debug] [2026-06-19T13:48:54.788Z] >>> [apiv2][body] POST https://upload-firebasehosting.googleapis.com/upload/sites/nizhgorodov-980e3/versions/74b66fcaea54a127/files/658533761501816fc0294734226d8241720f2e99c0b1ca0e3a87c9b6499ea628 [stream]
[debug] [2026-06-19T13:48:54.788Z] >>> [apiv2][query] POST https://upload-firebasehosting.googleapis.com/upload/sites/nizhgorodov-980e3/versions/74b66fcaea54a127/files/fa6b8ce2dd5475dff09178ee9e40e6013f10865d75e6dbcf3a43dff53717c11b [none]
[debug] [2026-06-19T13:48:54.788Z] >>> [apiv2][body] POST https://upload-firebasehosting.googleapis.com/upload/sites/nizhgorodov-980e3/versions/74b66fcaea54a127/files/fa6b8ce2dd5475dff09178ee9e40e6013f10865d75e6dbcf3a43dff53717c11b [stream]
[debug] [2026-06-19T13:48:54.789Z] >>> [apiv2][query] POST https://upload-firebasehosting.googleapis.com/upload/sites/nizhgorodov-980e3/versions/74b66fcaea54a127/files/96030b98dec44474932ec3f2025104bc0be993d9c5c4cd5bf42bffbd4b3f6171 [none]
[debug] [2026-06-19T13:48:54.789Z] >>> [apiv2][body] POST https://upload-firebasehosting.googleapis.com/upload/sites/nizhgorodov-980e3/versions/74b66fcaea54a127/files/96030b98dec44474932ec3f2025104bc0be993d9c5c4cd5bf42bffbd4b3f6171 [stream]
[debug] [2026-06-19T13:48:54.789Z] >>> [apiv2][query] POST https://upload-firebasehosting.googleapis.com/upload/sites/nizhgorodov-980e3/versions/74b66fcaea54a127/files/20e3ff7d7b9a62cb4e8a5b759f9de9c1aa9fc28d889aedfefe566a5e619a57da [none]
[debug] [2026-06-19T13:48:54.789Z] >>> [apiv2][body] POST https://upload-firebasehosting.googleapis.com/upload/sites/nizhgorodov-980e3/versions/74b66fcaea54a127/files/20e3ff7d7b9a62cb4e8a5b759f9de9c1aa9fc28d889aedfefe566a5e619a57da [stream]
[debug] [2026-06-19T13:48:54.789Z] [hosting][populate queue][FINAL] {"max":6126,"min":6126,"avg":6126,"active":0,"complete":1,"success":1,"errored":0,"retried":0,"total":1,"elapsed":6137}
[debug] [2026-06-19T13:48:54.789Z] [hosting] uploads queued: 16
[debug] [2026-06-19T13:48:56.054Z] <<< [apiv2][status] POST https://upload-firebasehosting.googleapis.com/upload/sites/nizhgorodov-980e3/versions/74b66fcaea54a127/files/9548670f29d9d07afa7cd2b677821e3a762cea752130b6fe2207b91ff3aee4b3 200
[debug] [2026-06-19T13:48:56.054Z] <<< [apiv2][body] POST https://upload-firebasehosting.googleapis.com/upload/sites/nizhgorodov-980e3/versions/74b66fcaea54a127/files/9548670f29d9d07afa7cd2b677821e3a762cea752130b6fe2207b91ff3aee4b3 [stream]
[debug] [2026-06-19T13:48:56.203Z] <<< [apiv2][status] POST https://upload-firebasehosting.googleapis.com/upload/sites/nizhgorodov-980e3/versions/74b66fcaea54a127/files/a36aab9d81b09590c7f64b47c3ebaabceaa309bcbf848b0dbce3837855086138 200
[debug] [2026-06-19T13:48:56.204Z] <<< [apiv2][body] POST https://upload-firebasehosting.googleapis.com/upload/sites/nizhgorodov-980e3/versions/74b66fcaea54a127/files/a36aab9d81b09590c7f64b47c3ebaabceaa309bcbf848b0dbce3837855086138 [stream]
[debug] [2026-06-19T13:48:56.204Z] <<< [apiv2][status] POST https://upload-firebasehosting.googleapis.com/upload/sites/nizhgorodov-980e3/versions/74b66fcaea54a127/files/96030b98dec44474932ec3f2025104bc0be993d9c5c4cd5bf42bffbd4b3f6171 200
[debug] [2026-06-19T13:48:56.204Z] <<< [apiv2][body] POST https://upload-firebasehosting.googleapis.com/upload/sites/nizhgorodov-980e3/versions/74b66fcaea54a127/files/96030b98dec44474932ec3f2025104bc0be993d9c5c4cd5bf42bffbd4b3f6171 [stream]
[debug] [2026-06-19T13:48:56.205Z] <<< [apiv2][status] POST https://upload-firebasehosting.googleapis.com/upload/sites/nizhgorodov-980e3/versions/74b66fcaea54a127/files/e03f54872e6c1a64d0becfb05f76dd16835d1da32cd1a282cbb6073d3d2ec1ba 200
[debug] [2026-06-19T13:48:56.205Z] <<< [apiv2][body] POST https://upload-firebasehosting.googleapis.com/upload/sites/nizhgorodov-980e3/versions/74b66fcaea54a127/files/e03f54872e6c1a64d0becfb05f76dd16835d1da32cd1a282cbb6073d3d2ec1ba [stream]
[debug] [2026-06-19T13:48:56.221Z] <<< [apiv2][status] POST https://upload-firebasehosting.googleapis.com/upload/sites/nizhgorodov-980e3/versions/74b66fcaea54a127/files/d45f4e8ccc42cfd985bbabeba85a5752f7d18aea2d94eace4bb3d62f79093bb2 200
[debug] [2026-06-19T13:48:56.222Z] <<< [apiv2][body] POST https://upload-firebasehosting.googleapis.com/upload/sites/nizhgorodov-980e3/versions/74b66fcaea54a127/files/d45f4e8ccc42cfd985bbabeba85a5752f7d18aea2d94eace4bb3d62f79093bb2 [stream]
[debug] [2026-06-19T13:48:56.278Z] <<< [apiv2][status] POST https://upload-firebasehosting.googleapis.com/upload/sites/nizhgorodov-980e3/versions/74b66fcaea54a127/files/3ab97bf4d62cf48f950c1e8af096979bc4636a5bc5ed5009a8f260da6071dcdd 200
[debug] [2026-06-19T13:48:56.278Z] <<< [apiv2][body] POST https://upload-firebasehosting.googleapis.com/upload/sites/nizhgorodov-980e3/versions/74b66fcaea54a127/files/3ab97bf4d62cf48f950c1e8af096979bc4636a5bc5ed5009a8f260da6071dcdd [stream]
[debug] [2026-06-19T13:48:56.337Z] <<< [apiv2][status] POST https://upload-firebasehosting.googleapis.com/upload/sites/nizhgorodov-980e3/versions/74b66fcaea54a127/files/20e3ff7d7b9a62cb4e8a5b759f9de9c1aa9fc28d889aedfefe566a5e619a57da 200
[debug] [2026-06-19T13:48:56.337Z] <<< [apiv2][body] POST https://upload-firebasehosting.googleapis.com/upload/sites/nizhgorodov-980e3/versions/74b66fcaea54a127/files/20e3ff7d7b9a62cb4e8a5b759f9de9c1aa9fc28d889aedfefe566a5e619a57da [stream]
[debug] [2026-06-19T13:48:56.435Z] <<< [apiv2][status] POST https://upload-firebasehosting.googleapis.com/upload/sites/nizhgorodov-980e3/versions/74b66fcaea54a127/files/04be64ede5016402095ed78f97f8c42cf1e42e60e4fa75e25fdbb0af2cf6f79d 200
[debug] [2026-06-19T13:48:56.435Z] <<< [apiv2][body] POST https://upload-firebasehosting.googleapis.com/upload/sites/nizhgorodov-980e3/versions/74b66fcaea54a127/files/04be64ede5016402095ed78f97f8c42cf1e42e60e4fa75e25fdbb0af2cf6f79d [stream]
[debug] [2026-06-19T13:48:56.515Z] <<< [apiv2][status] POST https://upload-firebasehosting.googleapis.com/upload/sites/nizhgorodov-980e3/versions/74b66fcaea54a127/files/a1eb33f8c59ca94686f2d2b5beb551a27b36fcbda0dfbc8bcd28487020eefbb2 200
[debug] [2026-06-19T13:48:56.515Z] <<< [apiv2][body] POST https://upload-firebasehosting.googleapis.com/upload/sites/nizhgorodov-980e3/versions/74b66fcaea54a127/files/a1eb33f8c59ca94686f2d2b5beb551a27b36fcbda0dfbc8bcd28487020eefbb2 [stream]
[debug] [2026-06-19T13:48:56.517Z] <<< [apiv2][status] POST https://upload-firebasehosting.googleapis.com/upload/sites/nizhgorodov-980e3/versions/74b66fcaea54a127/files/3e8c3357369ff15d6db721bfe82835d35a8b82a8c76ba12a0ab4e8f50b0c5d6a 200
[debug] [2026-06-19T13:48:56.517Z] <<< [apiv2][body] POST https://upload-firebasehosting.googleapis.com/upload/sites/nizhgorodov-980e3/versions/74b66fcaea54a127/files/3e8c3357369ff15d6db721bfe82835d35a8b82a8c76ba12a0ab4e8f50b0c5d6a [stream]
[debug] [2026-06-19T13:48:56.530Z] <<< [apiv2][status] POST https://upload-firebasehosting.googleapis.com/upload/sites/nizhgorodov-980e3/versions/74b66fcaea54a127/files/b3f161c8793c65147b82464262014f02903c34b694c76f23df7d25366e89d617 200
[debug] [2026-06-19T13:48:56.530Z] <<< [apiv2][body] POST https://upload-firebasehosting.googleapis.com/upload/sites/nizhgorodov-980e3/versions/74b66fcaea54a127/files/b3f161c8793c65147b82464262014f02903c34b694c76f23df7d25366e89d617 [stream]
[debug] [2026-06-19T13:48:56.576Z] <<< [apiv2][status] POST https://upload-firebasehosting.googleapis.com/upload/sites/nizhgorodov-980e3/versions/74b66fcaea54a127/files/766abc066f4fb93bc6091aa999cafe4f17ce1c2a592eef5844a6b8bda30e08f4 200
[debug] [2026-06-19T13:48:56.576Z] <<< [apiv2][body] POST https://upload-firebasehosting.googleapis.com/upload/sites/nizhgorodov-980e3/versions/74b66fcaea54a127/files/766abc066f4fb93bc6091aa999cafe4f17ce1c2a592eef5844a6b8bda30e08f4 [stream]
[debug] [2026-06-19T13:48:56.622Z] <<< [apiv2][status] POST https://upload-firebasehosting.googleapis.com/upload/sites/nizhgorodov-980e3/versions/74b66fcaea54a127/files/157a9bce42708232675ef8db8159ef32c0e6cd6cfa766a9a4d09b13a11f6dca9 200
[debug] [2026-06-19T13:48:56.623Z] <<< [apiv2][body] POST https://upload-firebasehosting.googleapis.com/upload/sites/nizhgorodov-980e3/versions/74b66fcaea54a127/files/157a9bce42708232675ef8db8159ef32c0e6cd6cfa766a9a4d09b13a11f6dca9 [stream]
[debug] [2026-06-19T13:48:56.627Z] <<< [apiv2][status] POST https://upload-firebasehosting.googleapis.com/upload/sites/nizhgorodov-980e3/versions/74b66fcaea54a127/files/63d65f2d2ebdc3f775f3a4e3f1746b520750acab1d8b025326f9570c76cec986 200
[debug] [2026-06-19T13:48:56.627Z] <<< [apiv2][body] POST https://upload-firebasehosting.googleapis.com/upload/sites/nizhgorodov-980e3/versions/74b66fcaea54a127/files/63d65f2d2ebdc3f775f3a4e3f1746b520750acab1d8b025326f9570c76cec986 [stream]
[info] i  hosting: uploading new files [14/16] (87%) 
[debug] [2026-06-19T13:48:57.277Z] <<< [apiv2][status] POST https://upload-firebasehosting.googleapis.com/upload/sites/nizhgorodov-980e3/versions/74b66fcaea54a127/files/fa6b8ce2dd5475dff09178ee9e40e6013f10865d75e6dbcf3a43dff53717c11b 200
[debug] [2026-06-19T13:48:57.277Z] <<< [apiv2][body] POST https://upload-firebasehosting.googleapis.com/upload/sites/nizhgorodov-980e3/versions/74b66fcaea54a127/files/fa6b8ce2dd5475dff09178ee9e40e6013f10865d75e6dbcf3a43dff53717c11b [stream]
[debug] [2026-06-19T13:48:57.462Z] <<< [apiv2][status] POST https://upload-firebasehosting.googleapis.com/upload/sites/nizhgorodov-980e3/versions/74b66fcaea54a127/files/658533761501816fc0294734226d8241720f2e99c0b1ca0e3a87c9b6499ea628 200
[debug] [2026-06-19T13:48:57.462Z] <<< [apiv2][body] POST https://upload-firebasehosting.googleapis.com/upload/sites/nizhgorodov-980e3/versions/74b66fcaea54a127/files/658533761501816fc0294734226d8241720f2e99c0b1ca0e3a87c9b6499ea628 [stream]
[debug] [2026-06-19T13:48:57.462Z] [hosting][upload queue][FINAL] {"max":2685,"min":1279,"avg":1727.9375,"active":0,"complete":16,"success":16,"errored":0,"retried":0,"total":16,"elapsed":2687}
[info] i  hosting: upload complete 
[info] ✔  hosting[nizhgorodov-980e3]: file upload complete 
[debug] [2026-06-19T13:48:57.463Z] [hosting] deploy completed after 8843ms
[debug] [2026-06-19T13:48:57.463Z] [
  {
    "config": {
      "public": "build",
      "cleanUrls": true,
      "ignore": [
        "firebase.json",
        "**/.*",
        "**/node_modules/**"
      ],
      "site": "nizhgorodov-980e3"
    },
    "version": "projects/249283010080/sites/nizhgorodov-980e3/versions/74b66fcaea54a127"
  }
]
[info] i  hosting[nizhgorodov-980e3]: finalizing version... 
[debug] [2026-06-19T13:48:57.466Z] Checked if tokens are valid: true, expires at: 1781879972894
[debug] [2026-06-19T13:48:57.466Z] Checked if tokens are valid: true, expires at: 1781879972894
[debug] [2026-06-19T13:48:57.467Z] >>> [apiv2][query] PATCH https://firebasehosting.googleapis.com/v1beta1/projects/-/sites/nizhgorodov-980e3/versions/74b66fcaea54a127 updateMask=status%2Cconfig
[debug] [2026-06-19T13:48:57.467Z] >>> [apiv2][body] PATCH https://firebasehosting.googleapis.com/v1beta1/projects/-/sites/nizhgorodov-980e3/versions/74b66fcaea54a127 {"status":"FINALIZED","config":{"cleanUrls":true}}
[debug] [2026-06-19T13:48:58.937Z] <<< [apiv2][status] PATCH https://firebasehosting.googleapis.com/v1beta1/projects/-/sites/nizhgorodov-980e3/versions/74b66fcaea54a127 200
[debug] [2026-06-19T13:48:58.938Z] <<< [apiv2][body] PATCH https://firebasehosting.googleapis.com/v1beta1/projects/-/sites/nizhgorodov-980e3/versions/74b66fcaea54a127 {"name":"projects/249283010080/sites/nizhgorodov-980e3/versions/74b66fcaea54a127","status":"FINALIZED","config":{"cleanUrls":true},"labels":{"deployment-tool":"cli-firebase"},"createTime":"2026-06-19T13:47:48.262582Z","createUser":{"email":"8900800700a@gmail.com"},"finalizeTime":"2026-06-19T13:48:58.772443Z","finalizeUser":{"email":"8900800700a@gmail.com"}}
[debug] [2026-06-19T13:48:58.938Z] [hosting] finalized version for nizhgorodov-980e3:[object Object]
[info] ✔  hosting[nizhgorodov-980e3]: version finalized 
[info] i  hosting[nizhgorodov-980e3]: releasing new version... 
[debug] [2026-06-19T13:48:58.938Z] Checked if tokens are valid: true, expires at: 1781879972894
[debug] [2026-06-19T13:48:58.938Z] Checked if tokens are valid: true, expires at: 1781879972894
[debug] [2026-06-19T13:48:58.938Z] >>> [apiv2][query] POST https://firebasehosting.googleapis.com/v1beta1/projects/-/sites/nizhgorodov-980e3/channels/live/releases versionName=projects%2F249283010080%2Fsites%2Fnizhgorodov-980e3%2Fversions%2F74b66fcaea54a127
[debug] [2026-06-19T13:48:58.938Z] >>> [apiv2][body] POST https://firebasehosting.googleapis.com/v1beta1/projects/-/sites/nizhgorodov-980e3/channels/live/releases {}
[debug] [2026-06-19T13:49:01.001Z] <<< [apiv2][status] POST https://firebasehosting.googleapis.com/v1beta1/projects/-/sites/nizhgorodov-980e3/channels/live/releases 200
[debug] [2026-06-19T13:49:01.001Z] <<< [apiv2][body] POST https://firebasehosting.googleapis.com/v1beta1/projects/-/sites/nizhgorodov-980e3/channels/live/releases {"name":"projects/249283010080/sites/nizhgorodov-980e3/channels/live/releases/1781876939902000","version":{"name":"projects/249283010080/sites/nizhgorodov-980e3/versions/74b66fcaea54a127","status":"FINALIZED","config":{"cleanUrls":true},"labels":{"deployment-tool":"cli-firebase"},"createTime":"2026-06-19T13:47:48.262582Z","createUser":{"email":"8900800700a@gmail.com","imageUrl":"https://lh3.googleusercontent.com/a/ACg8ocL_atsCL6wFE296dBchzV5cZaKTqVlSDOvpAgDzQ1bDpEjiudRv"},"finalizeTime":"2026-06-19T13:48:58.772443Z","finalizeUser":{"email":"8900800700a@gmail.com","imageUrl":"https://lh3.googleusercontent.com/a/ACg8ocL_atsCL6wFE296dBchzV5cZaKTqVlSDOvpAgDzQ1bDpEjiudRv"}},"type":"DEPLOY","releaseTime":"2026-06-19T13:48:59.902Z","releaseUser":{"email":"8900800700a@gmail.com","imageUrl":"https://lh3.googleusercontent.com/a/ACg8ocL_atsCL6wFE296dBchzV5cZaKTqVlSDOvpAgDzQ1bDpEjiudRv"}}
[debug] [2026-06-19T13:49:01.001Z] [hosting] release: {"name":"projects/249283010080/sites/nizhgorodov-980e3/channels/live/releases/1781876939902000","version":{"name":"projects/249283010080/sites/nizhgorodov-980e3/versions/74b66fcaea54a127","status":"FINALIZED","config":{"cleanUrls":true},"labels":{"deployment-tool":"cli-firebase"},"createTime":"2026-06-19T13:47:48.262582Z","createUser":{"email":"8900800700a@gmail.com","imageUrl":"https://lh3.googleusercontent.com/a/ACg8ocL_atsCL6wFE296dBchzV5cZaKTqVlSDOvpAgDzQ1bDpEjiudRv"},"finalizeTime":"2026-06-19T13:48:58.772443Z","finalizeUser":{"email":"8900800700a@gmail.com","imageUrl":"https://lh3.googleusercontent.com/a/ACg8ocL_atsCL6wFE296dBchzV5cZaKTqVlSDOvpAgDzQ1bDpEjiudRv"}},"type":"DEPLOY","releaseTime":"2026-06-19T13:48:59.902Z","releaseUser":{"email":"8900800700a@gmail.com","imageUrl":"https://lh3.googleusercontent.com/a/ACg8ocL_atsCL6wFE296dBchzV5cZaKTqVlSDOvpAgDzQ1bDpEjiudRv"}}
[info] ✔  hosting[nizhgorodov-980e3]: release complete 
[info] 
[info] ✔  Deploy complete! 
[info] 
[info] Project Console: https://console.firebase.google.com/project/nizhgorodov-980e3/overview
[info] Hosting URL: https://nizhgorodov-980e3.web.app
[debug] [2026-06-19T13:49:11.017Z] Error: Timed out.
    at Timeout._onTimeout (/opt/homebrew/lib/node_modules/firebase-tools/lib/utils.js:308:49)
    at listOnTimeout (node:internal/timers:605:17)
    at process.processTimers (node:internal/timers:541:7)
[error] 
[error] Error: An unexpected error has occurred.
[debug] [2026-06-19T13:51:50.435Z] ----------------------------------------------------------------------
[debug] [2026-06-19T13:51:50.436Z] Command:       /opt/homebrew/Cellar/node/25.2.1/bin/node /opt/homebrew/bin/firebase deploy --only hosting --project nizhgorodov-980e3 --non-interactive
[debug] [2026-06-19T13:51:50.436Z] CLI Version:   15.7.0
[debug] [2026-06-19T13:51:50.436Z] Platform:      darwin
[debug] [2026-06-19T13:51:50.436Z] Node Version:  v25.2.1
[debug] [2026-06-19T13:51:50.436Z] Time:          Fri Jun 19 2026 16:51:50 GMT+0300 (Moscow Standard Time)
[debug] [2026-06-19T13:51:50.436Z] ----------------------------------------------------------------------
[debug] 
[debug] [2026-06-19T13:51:50.954Z] > command requires scopes: ["email","openid","https://www.googleapis.com/auth/cloudplatformprojects.readonly","https://www.googleapis.com/auth/firebase","https://www.googleapis.com/auth/cloud-platform"]
[debug] [2026-06-19T13:51:50.954Z] > authorizing via signed-in user (8900800700a@gmail.com)
[debug] [2026-06-19T13:51:50.954Z] [iam] checking project nizhgorodov-980e3 for permissions ["firebase.projects.get","firebasehosting.sites.update"]
[debug] [2026-06-19T13:51:50.954Z] Checked if tokens are valid: true, expires at: 1781879972894
[debug] [2026-06-19T13:51:50.954Z] Checked if tokens are valid: true, expires at: 1781879972894
[debug] [2026-06-19T13:51:50.955Z] >>> [apiv2][query] POST https://cloudresourcemanager.googleapis.com/v1/projects/nizhgorodov-980e3:testIamPermissions [none]
[debug] [2026-06-19T13:51:50.955Z] >>> [apiv2][(partial)header] POST https://cloudresourcemanager.googleapis.com/v1/projects/nizhgorodov-980e3:testIamPermissions  x-goog-user-project=nizhgorodov-980e3
[debug] [2026-06-19T13:51:50.955Z] >>> [apiv2][body] POST https://cloudresourcemanager.googleapis.com/v1/projects/nizhgorodov-980e3:testIamPermissions {"permissions":["firebase.projects.get","firebasehosting.sites.update"]}
[debug] [2026-06-19T13:51:52.162Z] <<< [apiv2][status] POST https://cloudresourcemanager.googleapis.com/v1/projects/nizhgorodov-980e3:testIamPermissions 200
[debug] [2026-06-19T13:51:52.162Z] <<< [apiv2][body] POST https://cloudresourcemanager.googleapis.com/v1/projects/nizhgorodov-980e3:testIamPermissions {"permissions":["firebase.projects.get","firebasehosting.sites.update"]}
[debug] [2026-06-19T13:51:52.163Z] Checked if tokens are valid: true, expires at: 1781879972894
[debug] [2026-06-19T13:51:52.163Z] Checked if tokens are valid: true, expires at: 1781879972894
[debug] [2026-06-19T13:51:52.163Z] >>> [apiv2][query] GET https://firebase.googleapis.com/v1beta1/projects/nizhgorodov-980e3 [none]
[debug] [2026-06-19T13:51:53.200Z] <<< [apiv2][status] GET https://firebase.googleapis.com/v1beta1/projects/nizhgorodov-980e3 200
[debug] [2026-06-19T13:51:53.200Z] <<< [apiv2][body] GET https://firebase.googleapis.com/v1beta1/projects/nizhgorodov-980e3 {"projectId":"nizhgorodov-980e3","projectNumber":"249283010080","displayName":"nizhgorodov","name":"projects/nizhgorodov-980e3","resources":{"hostingSite":"nizhgorodov-980e3"},"state":"ACTIVE","etag":"1_bac89f22-5c13-4f38-9160-2f12bc9431ec"}
[info] 
[info] === Deploying to 'nizhgorodov-980e3'...
[info] 
[info] i  deploying hosting 
[debug] [2026-06-19T13:51:53.205Z] Checked if tokens are valid: true, expires at: 1781879972894
[debug] [2026-06-19T13:51:53.205Z] Checked if tokens are valid: true, expires at: 1781879972894
[debug] [2026-06-19T13:51:53.206Z] >>> [apiv2][query] POST https://firebasehosting.googleapis.com/v1beta1/projects/-/sites/nizhgorodov-980e3/versions [none]
[debug] [2026-06-19T13:51:53.206Z] >>> [apiv2][body] POST https://firebasehosting.googleapis.com/v1beta1/projects/-/sites/nizhgorodov-980e3/versions {"status":"CREATED","labels":{"deployment-tool":"cli-firebase"}}
[debug] [2026-06-19T13:51:55.130Z] <<< [apiv2][status] POST https://firebasehosting.googleapis.com/v1beta1/projects/-/sites/nizhgorodov-980e3/versions 200
[debug] [2026-06-19T13:51:55.130Z] <<< [apiv2][body] POST https://firebasehosting.googleapis.com/v1beta1/projects/-/sites/nizhgorodov-980e3/versions {"name":"projects/249283010080/sites/nizhgorodov-980e3/versions/184ed331c6775b60","status":"CREATED","config":{},"labels":{"deployment-tool":"cli-firebase"}}
[info] i  hosting[nizhgorodov-980e3]: beginning deploy... 
[info] i  hosting[nizhgorodov-980e3]: found 37 files in build 
[debug] [2026-06-19T13:52:54.331Z] [hosting] uploading with 200 concurrency
[debug] [2026-06-19T13:52:54.346Z] Checked if tokens are valid: true, expires at: 1781879972894
[debug] [2026-06-19T13:52:54.346Z] Checked if tokens are valid: true, expires at: 1781879972894
[debug] [2026-06-19T13:52:54.347Z] [hosting] hash cache [YnVpbGQ] stored for 37 files
[debug] [2026-06-19T13:52:54.347Z] [hosting][hash queue][FINAL] {"max":12,"min":7,"avg":7.864864864864865,"active":0,"complete":37,"success":37,"errored":0,"retried":0,"total":37,"elapsed":15}
[debug] [2026-06-19T13:52:54.347Z] >>> [apiv2][query] POST https://firebasehosting.googleapis.com/v1beta1/projects/249283010080/sites/nizhgorodov-980e3/versions/184ed331c6775b60:populateFiles [none]
[debug] [2026-06-19T13:52:54.347Z] >>> [apiv2][body] POST https://firebasehosting.googleapis.com/v1beta1/projects/249283010080/sites/nizhgorodov-980e3/versions/184ed331c6775b60:populateFiles {"files":{"/sitemap.xml":"f0a957a7fa1d37bc39f58098f8471787ba219d45dbf5f8b1c09bb9598fab7b72","/robots.txt":"15ebd5eee987a7f1469e112cc57715051a3f94fb368fd1deb3fdde37dbead0db","/favicon.svg":"5d87b9a98aa1af4b6e0142691fb92d2134b02308438d571624b77dd291ad5ba8","/en.html":"492e8fde077776993f8b98f35a0d2248daf61321a9ac6ead8dc10c757b311de8","/logo/yandex.svg":"73b2a6d464bff5f562a81d068acd5fec30a5894baf4ff5f018166494e3348780","/logo/edya.svg":"b4d0b1000530f2062b459e4b9a6e114ca84095166ac4d5bc59dfff4a71ecf5b6","/logo/perfema.svg":"c70e76bf36b5a6b7916a091635477bce98665ab0c3041f8ac7fe9ea4525ce3b7","/index.html":"931c737df3cfa38f74b882cedc3e687c7c2e3b66ef2c9f18079262feca2e2e2c","/_app/version.json":"1bd7e6b59299368acc83c9f832bdda28aeff85f986825e28ff9e92e978f8cd8c","/ru.html":"015f1d039d289614b3845d6ea4cd8fc303b2910edceb03dc5a04d3ce53f2d0c0","/_app/env.js":"b6422bbd2a0c5c86bc11dd510c32c124689f1abbb2498ede068c8222cf6cf07b","/_app/immutable/nodes/4.B5IV8hO4.js":"eff35687cd40d6cab544845d2b7e944e6cca0bfb10b9c12af44133f056742799","/_app/immutable/nodes/3.BARIdEF7.js":"d1d5dfd47b8371ebbd3d8e948b297b6612131a4eb4865a9ac528105d35099601","/_app/immutable/nodes/2.D6cEjAUp.js":"d5029f29f945f7a634c39284a3729f57c576b087012801e1cd004be3cd804209","/_app/immutable/nodes/1.CUk89mRC.js":"b65457948918a036a84d838a37d4b3738da91ea1b7d27b77f962a227b268cdfc","/_app/immutable/entry/start.kWK0rmMC.js":"82d0ff40412f04fa0e1e9bd193f6b1413ee7a4475503af7b2a62e081c6fd46cd","/_app/immutable/chunks/obVeejdx.js":"bb1631e1eff6e75ce7690f9e86872631db661b022bebfdc84123826101f5c3a0","/_app/immutable/chunks/Dxaj-fIP.js":"9d6b18b51df520864e0fb7fe66eb7a4fa17ecb8e9c695fd2671f63dfc7be2864","/_app/immutable/nodes/0.BTLDd7pj.js":"b1d03a23a00d1e24a2a8c71f9ee3371b615595d66503308a52d2524bc1ee115d","/_app/immutable/chunks/DBewB76Q.js":"874fcd093979dd8dab67ff2615f48f8c267f882ac39ea16d1061fd764874f779","/_app/immutable/entry/app.G8O9-JS8.js":"f7513ab3b738a22c9173fd0407f70e3c842b3440a0bdcf946a4577256f806848","/_app/immutable/chunks/D01C4JX9.js":"500d777e7147a3b5721bc4e0a9f914704ecd3a3ea0e4fd751f8c97b2495c3379","/_app/immutable/chunks/DlSTxH-B.js":"328845ff11617ac9ac4cf712d70a5843b954d4021760d1b2b49f9ab021533dfb","/_app/immutable/chunks/B3TgCwa8.js":"992b34bcf0b7bffa7f7c6d57989cfa660a5ef9320576edc747cd91da8e4d5da4","/edu/hse.svg":"3616db159c4297adf63984895acf0b8d6c7de0e23dcbb61e9342d5643c55c1d2","/_app/immutable/assets/0.DwmJy8FY.css":"e434e2d127f74b03ac9b0dd2df1ed961d7a4fd7143d50afa13ff89cba7576973","/_app/immutable/chunks/DU_7iEgX.js":"198f3a02e38a2d1e7969196969cd1a5249e4a0e025b362480fbf8af459eb615d","/_app/immutable/chunks/D-GU6gwO.js":"085e92f8be1de1e185503a34d5af451045900d556f88332790ed3bd324c65075","/_app/immutable/chunks/6D6OkJWw.js":"345f57c5f2b16bee5590c4c6732c459a70a4384144a6dee30c3ef5f2b5488996","/_app/immutable/chunks/B6soI2db.js":"3137834e4bc6f0e35496d1b363947fd6074f959f0c4ec84cfd7c62cc76f0d1f2","/og.png":"20e3ff7d7b9a62cb4e8a5b759f9de9c1aa9fc28d889aedfefe566a5e619a57da","/og-en.png":"96030b98dec44474932ec3f2025104bc0be993d9c5c4cd5bf42bffbd4b3f6171","/edu/misis.png":"8dfbf865cc6f44ce3230afd34298d033edaea63c0b81e9cf9db4807607b75e03","/photo-2.jpg":"6c09a7dd27f85dcd21c883643a87186fd0ad7004bc2e0c1ff78d61c345ad6e3e","/photo-3.jpg":"128adaa4e24a4ef6f1aee4f0c7c177a04142290d7ed5b4fbb3fbd1ac290205c1","/photo-1.jpg":"98bec2a7adc2cb497cee250b2264cd0675e5ffaad135d3cf3bf62a6d19f0730d","/avatar.jpg":"98bec2a7adc2cb497cee250b2264cd0675e5ffaad135d3cf3bf62a6d19f0730d"}}
[debug] [2026-06-19T13:52:55.409Z] <<< [apiv2][status] POST https://firebasehosting.googleapis.com/v1beta1/projects/249283010080/sites/nizhgorodov-980e3/versions/184ed331c6775b60:populateFiles 200
[debug] [2026-06-19T13:52:55.409Z] <<< [apiv2][body] POST https://firebasehosting.googleapis.com/v1beta1/projects/249283010080/sites/nizhgorodov-980e3/versions/184ed331c6775b60:populateFiles {"uploadRequiredHashes":["b65457948918a036a84d838a37d4b3738da91ea1b7d27b77f962a227b268cdfc","198f3a02e38a2d1e7969196969cd1a5249e4a0e025b362480fbf8af459eb615d","b1d03a23a00d1e24a2a8c71f9ee3371b615595d66503308a52d2524bc1ee115d","d1d5dfd47b8371ebbd3d8e948b297b6612131a4eb4865a9ac528105d35099601","f7513ab3b738a22c9173fd0407f70e3c842b3440a0bdcf946a4577256f806848","492e8fde077776993f8b98f35a0d2248daf61321a9ac6ead8dc10c757b311de8","015f1d039d289614b3845d6ea4cd8fc303b2910edceb03dc5a04d3ce53f2d0c0","82d0ff40412f04fa0e1e9bd193f6b1413ee7a4475503af7b2a62e081c6fd46cd","931c737df3cfa38f74b882cedc3e687c7c2e3b66ef2c9f18079262feca2e2e2c","d5029f29f945f7a634c39284a3729f57c576b087012801e1cd004be3cd804209","345f57c5f2b16bee5590c4c6732c459a70a4384144a6dee30c3ef5f2b5488996","eff35687cd40d6cab544845d2b7e944e6cca0bfb10b9c12af44133f056742799","1bd7e6b59299368acc83c9f832bdda28aeff85f986825e28ff9e92e978f8cd8c","3137834e4bc6f0e35496d1b363947fd6074f959f0c4ec84cfd7c62cc76f0d1f2"],"uploadUrl":"https://upload-firebasehosting.googleapis.com/upload/sites/nizhgorodov-980e3/versions/184ed331c6775b60/files"}
[debug] [2026-06-19T13:52:55.410Z] Checked if tokens are valid: true, expires at: 1781879972894
[debug] [2026-06-19T13:52:55.410Z] Checked if tokens are valid: true, expires at: 1781879972894
[debug] [2026-06-19T13:52:55.410Z] Checked if tokens are valid: true, expires at: 1781879972894
[debug] [2026-06-19T13:52:55.410Z] Checked if tokens are valid: true, expires at: 1781879972894
[debug] [2026-06-19T13:52:55.410Z] Checked if tokens are valid: true, expires at: 1781879972894
[debug] [2026-06-19T13:52:55.410Z] Checked if tokens are valid: true, expires at: 1781879972894
[debug] [2026-06-19T13:52:55.410Z] Checked if tokens are valid: true, expires at: 1781879972894
[debug] [2026-06-19T13:52:55.410Z] Checked if tokens are valid: true, expires at: 1781879972894
[debug] [2026-06-19T13:52:55.410Z] Checked if tokens are valid: true, expires at: 1781879972894
[debug] [2026-06-19T13:52:55.410Z] Checked if tokens are valid: true, expires at: 1781879972894
[debug] [2026-06-19T13:52:55.410Z] Checked if tokens are valid: true, expires at: 1781879972894
[debug] [2026-06-19T13:52:55.411Z] Checked if tokens are valid: true, expires at: 1781879972894
[debug] [2026-06-19T13:52:55.411Z] Checked if tokens are valid: true, expires at: 1781879972894
[debug] [2026-06-19T13:52:55.411Z] Checked if tokens are valid: true, expires at: 1781879972894
[debug] [2026-06-19T13:52:55.411Z] Checked if tokens are valid: true, expires at: 1781879972894
[debug] [2026-06-19T13:52:55.411Z] Checked if tokens are valid: true, expires at: 1781879972894
[debug] [2026-06-19T13:52:55.411Z] Checked if tokens are valid: true, expires at: 1781879972894
[debug] [2026-06-19T13:52:55.411Z] Checked if tokens are valid: true, expires at: 1781879972894
[debug] [2026-06-19T13:52:55.411Z] Checked if tokens are valid: true, expires at: 1781879972894
[debug] [2026-06-19T13:52:55.411Z] Checked if tokens are valid: true, expires at: 1781879972894
[debug] [2026-06-19T13:52:55.411Z] Checked if tokens are valid: true, expires at: 1781879972894
[debug] [2026-06-19T13:52:55.411Z] Checked if tokens are valid: true, expires at: 1781879972894
[debug] [2026-06-19T13:52:55.411Z] Checked if tokens are valid: true, expires at: 1781879972894
[debug] [2026-06-19T13:52:55.412Z] Checked if tokens are valid: true, expires at: 1781879972894
[debug] [2026-06-19T13:52:55.412Z] Checked if tokens are valid: true, expires at: 1781879972894
[debug] [2026-06-19T13:52:55.412Z] Checked if tokens are valid: true, expires at: 1781879972894
[debug] [2026-06-19T13:52:55.412Z] Checked if tokens are valid: true, expires at: 1781879972894
[debug] [2026-06-19T13:52:55.412Z] Checked if tokens are valid: true, expires at: 1781879972894
[debug] [2026-06-19T13:52:55.412Z] >>> [apiv2][query] POST https://upload-firebasehosting.googleapis.com/upload/sites/nizhgorodov-980e3/versions/184ed331c6775b60/files/b65457948918a036a84d838a37d4b3738da91ea1b7d27b77f962a227b268cdfc [none]
[debug] [2026-06-19T13:52:55.412Z] >>> [apiv2][body] POST https://upload-firebasehosting.googleapis.com/upload/sites/nizhgorodov-980e3/versions/184ed331c6775b60/files/b65457948918a036a84d838a37d4b3738da91ea1b7d27b77f962a227b268cdfc [stream]
[debug] [2026-06-19T13:52:55.413Z] >>> [apiv2][query] POST https://upload-firebasehosting.googleapis.com/upload/sites/nizhgorodov-980e3/versions/184ed331c6775b60/files/198f3a02e38a2d1e7969196969cd1a5249e4a0e025b362480fbf8af459eb615d [none]
[debug] [2026-06-19T13:52:55.413Z] >>> [apiv2][body] POST https://upload-firebasehosting.googleapis.com/upload/sites/nizhgorodov-980e3/versions/184ed331c6775b60/files/198f3a02e38a2d1e7969196969cd1a5249e4a0e025b362480fbf8af459eb615d [stream]
[debug] [2026-06-19T13:52:55.414Z] >>> [apiv2][query] POST https://upload-firebasehosting.googleapis.com/upload/sites/nizhgorodov-980e3/versions/184ed331c6775b60/files/b1d03a23a00d1e24a2a8c71f9ee3371b615595d66503308a52d2524bc1ee115d [none]
[debug] [2026-06-19T13:52:55.414Z] >>> [apiv2][body] POST https://upload-firebasehosting.googleapis.com/upload/sites/nizhgorodov-980e3/versions/184ed331c6775b60/files/b1d03a23a00d1e24a2a8c71f9ee3371b615595d66503308a52d2524bc1ee115d [stream]
[debug] [2026-06-19T13:52:55.415Z] >>> [apiv2][query] POST https://upload-firebasehosting.googleapis.com/upload/sites/nizhgorodov-980e3/versions/184ed331c6775b60/files/d1d5dfd47b8371ebbd3d8e948b297b6612131a4eb4865a9ac528105d35099601 [none]
[debug] [2026-06-19T13:52:55.415Z] >>> [apiv2][body] POST https://upload-firebasehosting.googleapis.com/upload/sites/nizhgorodov-980e3/versions/184ed331c6775b60/files/d1d5dfd47b8371ebbd3d8e948b297b6612131a4eb4865a9ac528105d35099601 [stream]
[debug] [2026-06-19T13:52:55.416Z] >>> [apiv2][query] POST https://upload-firebasehosting.googleapis.com/upload/sites/nizhgorodov-980e3/versions/184ed331c6775b60/files/f7513ab3b738a22c9173fd0407f70e3c842b3440a0bdcf946a4577256f806848 [none]
[debug] [2026-06-19T13:52:55.416Z] >>> [apiv2][body] POST https://upload-firebasehosting.googleapis.com/upload/sites/nizhgorodov-980e3/versions/184ed331c6775b60/files/f7513ab3b738a22c9173fd0407f70e3c842b3440a0bdcf946a4577256f806848 [stream]
[debug] [2026-06-19T13:52:55.416Z] >>> [apiv2][query] POST https://upload-firebasehosting.googleapis.com/upload/sites/nizhgorodov-980e3/versions/184ed331c6775b60/files/492e8fde077776993f8b98f35a0d2248daf61321a9ac6ead8dc10c757b311de8 [none]
[debug] [2026-06-19T13:52:55.416Z] >>> [apiv2][body] POST https://upload-firebasehosting.googleapis.com/upload/sites/nizhgorodov-980e3/versions/184ed331c6775b60/files/492e8fde077776993f8b98f35a0d2248daf61321a9ac6ead8dc10c757b311de8 [stream]
[debug] [2026-06-19T13:52:55.417Z] >>> [apiv2][query] POST https://upload-firebasehosting.googleapis.com/upload/sites/nizhgorodov-980e3/versions/184ed331c6775b60/files/015f1d039d289614b3845d6ea4cd8fc303b2910edceb03dc5a04d3ce53f2d0c0 [none]
[debug] [2026-06-19T13:52:55.417Z] >>> [apiv2][body] POST https://upload-firebasehosting.googleapis.com/upload/sites/nizhgorodov-980e3/versions/184ed331c6775b60/files/015f1d039d289614b3845d6ea4cd8fc303b2910edceb03dc5a04d3ce53f2d0c0 [stream]
[debug] [2026-06-19T13:52:55.418Z] >>> [apiv2][query] POST https://upload-firebasehosting.googleapis.com/upload/sites/nizhgorodov-980e3/versions/184ed331c6775b60/files/82d0ff40412f04fa0e1e9bd193f6b1413ee7a4475503af7b2a62e081c6fd46cd [none]
[debug] [2026-06-19T13:52:55.418Z] >>> [apiv2][body] POST https://upload-firebasehosting.googleapis.com/upload/sites/nizhgorodov-980e3/versions/184ed331c6775b60/files/82d0ff40412f04fa0e1e9bd193f6b1413ee7a4475503af7b2a62e081c6fd46cd [stream]
[debug] [2026-06-19T13:52:55.418Z] >>> [apiv2][query] POST https://upload-firebasehosting.googleapis.com/upload/sites/nizhgorodov-980e3/versions/184ed331c6775b60/files/931c737df3cfa38f74b882cedc3e687c7c2e3b66ef2c9f18079262feca2e2e2c [none]
[debug] [2026-06-19T13:52:55.418Z] >>> [apiv2][body] POST https://upload-firebasehosting.googleapis.com/upload/sites/nizhgorodov-980e3/versions/184ed331c6775b60/files/931c737df3cfa38f74b882cedc3e687c7c2e3b66ef2c9f18079262feca2e2e2c [stream]
[debug] [2026-06-19T13:52:55.419Z] >>> [apiv2][query] POST https://upload-firebasehosting.googleapis.com/upload/sites/nizhgorodov-980e3/versions/184ed331c6775b60/files/d5029f29f945f7a634c39284a3729f57c576b087012801e1cd004be3cd804209 [none]
[debug] [2026-06-19T13:52:55.419Z] >>> [apiv2][body] POST https://upload-firebasehosting.googleapis.com/upload/sites/nizhgorodov-980e3/versions/184ed331c6775b60/files/d5029f29f945f7a634c39284a3729f57c576b087012801e1cd004be3cd804209 [stream]
[debug] [2026-06-19T13:52:55.419Z] >>> [apiv2][query] POST https://upload-firebasehosting.googleapis.com/upload/sites/nizhgorodov-980e3/versions/184ed331c6775b60/files/345f57c5f2b16bee5590c4c6732c459a70a4384144a6dee30c3ef5f2b5488996 [none]
[debug] [2026-06-19T13:52:55.419Z] >>> [apiv2][body] POST https://upload-firebasehosting.googleapis.com/upload/sites/nizhgorodov-980e3/versions/184ed331c6775b60/files/345f57c5f2b16bee5590c4c6732c459a70a4384144a6dee30c3ef5f2b5488996 [stream]
[debug] [2026-06-19T13:52:55.419Z] >>> [apiv2][query] POST https://upload-firebasehosting.googleapis.com/upload/sites/nizhgorodov-980e3/versions/184ed331c6775b60/files/eff35687cd40d6cab544845d2b7e944e6cca0bfb10b9c12af44133f056742799 [none]
[debug] [2026-06-19T13:52:55.419Z] >>> [apiv2][body] POST https://upload-firebasehosting.googleapis.com/upload/sites/nizhgorodov-980e3/versions/184ed331c6775b60/files/eff35687cd40d6cab544845d2b7e944e6cca0bfb10b9c12af44133f056742799 [stream]
[debug] [2026-06-19T13:52:55.420Z] >>> [apiv2][query] POST https://upload-firebasehosting.googleapis.com/upload/sites/nizhgorodov-980e3/versions/184ed331c6775b60/files/1bd7e6b59299368acc83c9f832bdda28aeff85f986825e28ff9e92e978f8cd8c [none]
[debug] [2026-06-19T13:52:55.420Z] >>> [apiv2][body] POST https://upload-firebasehosting.googleapis.com/upload/sites/nizhgorodov-980e3/versions/184ed331c6775b60/files/1bd7e6b59299368acc83c9f832bdda28aeff85f986825e28ff9e92e978f8cd8c [stream]
[debug] [2026-06-19T13:52:55.420Z] >>> [apiv2][query] POST https://upload-firebasehosting.googleapis.com/upload/sites/nizhgorodov-980e3/versions/184ed331c6775b60/files/3137834e4bc6f0e35496d1b363947fd6074f959f0c4ec84cfd7c62cc76f0d1f2 [none]
[debug] [2026-06-19T13:52:55.420Z] >>> [apiv2][body] POST https://upload-firebasehosting.googleapis.com/upload/sites/nizhgorodov-980e3/versions/184ed331c6775b60/files/3137834e4bc6f0e35496d1b363947fd6074f959f0c4ec84cfd7c62cc76f0d1f2 [stream]
[debug] [2026-06-19T13:52:55.421Z] [hosting][populate queue][FINAL] {"max":1066,"min":1066,"avg":1066,"active":0,"complete":1,"success":1,"errored":0,"retried":0,"total":1,"elapsed":1075}
[debug] [2026-06-19T13:52:55.421Z] [hosting] uploads queued: 14
[info] i  hosting: uploading new files [0/14] (0%) 
[debug] [2026-06-19T13:52:56.847Z] <<< [apiv2][status] POST https://upload-firebasehosting.googleapis.com/upload/sites/nizhgorodov-980e3/versions/184ed331c6775b60/files/b1d03a23a00d1e24a2a8c71f9ee3371b615595d66503308a52d2524bc1ee115d 200
[debug] [2026-06-19T13:52:56.848Z] <<< [apiv2][body] POST https://upload-firebasehosting.googleapis.com/upload/sites/nizhgorodov-980e3/versions/184ed331c6775b60/files/b1d03a23a00d1e24a2a8c71f9ee3371b615595d66503308a52d2524bc1ee115d [stream]
[debug] [2026-06-19T13:52:56.848Z] <<< [apiv2][status] POST https://upload-firebasehosting.googleapis.com/upload/sites/nizhgorodov-980e3/versions/184ed331c6775b60/files/b65457948918a036a84d838a37d4b3738da91ea1b7d27b77f962a227b268cdfc 200
[debug] [2026-06-19T13:52:56.848Z] <<< [apiv2][body] POST https://upload-firebasehosting.googleapis.com/upload/sites/nizhgorodov-980e3/versions/184ed331c6775b60/files/b65457948918a036a84d838a37d4b3738da91ea1b7d27b77f962a227b268cdfc [stream]
[debug] [2026-06-19T13:52:56.848Z] <<< [apiv2][status] POST https://upload-firebasehosting.googleapis.com/upload/sites/nizhgorodov-980e3/versions/184ed331c6775b60/files/82d0ff40412f04fa0e1e9bd193f6b1413ee7a4475503af7b2a62e081c6fd46cd 200
[debug] [2026-06-19T13:52:56.849Z] <<< [apiv2][body] POST https://upload-firebasehosting.googleapis.com/upload/sites/nizhgorodov-980e3/versions/184ed331c6775b60/files/82d0ff40412f04fa0e1e9bd193f6b1413ee7a4475503af7b2a62e081c6fd46cd [stream]
[debug] [2026-06-19T13:52:56.852Z] <<< [apiv2][status] POST https://upload-firebasehosting.googleapis.com/upload/sites/nizhgorodov-980e3/versions/184ed331c6775b60/files/345f57c5f2b16bee5590c4c6732c459a70a4384144a6dee30c3ef5f2b5488996 200
[debug] [2026-06-19T13:52:56.852Z] <<< [apiv2][body] POST https://upload-firebasehosting.googleapis.com/upload/sites/nizhgorodov-980e3/versions/184ed331c6775b60/files/345f57c5f2b16bee5590c4c6732c459a70a4384144a6dee30c3ef5f2b5488996 [stream]
[debug] [2026-06-19T13:52:56.914Z] <<< [apiv2][status] POST https://upload-firebasehosting.googleapis.com/upload/sites/nizhgorodov-980e3/versions/184ed331c6775b60/files/d5029f29f945f7a634c39284a3729f57c576b087012801e1cd004be3cd804209 200
[debug] [2026-06-19T13:52:56.914Z] <<< [apiv2][body] POST https://upload-firebasehosting.googleapis.com/upload/sites/nizhgorodov-980e3/versions/184ed331c6775b60/files/d5029f29f945f7a634c39284a3729f57c576b087012801e1cd004be3cd804209 [stream]
[debug] [2026-06-19T13:52:56.926Z] <<< [apiv2][status] POST https://upload-firebasehosting.googleapis.com/upload/sites/nizhgorodov-980e3/versions/184ed331c6775b60/files/eff35687cd40d6cab544845d2b7e944e6cca0bfb10b9c12af44133f056742799 200
[debug] [2026-06-19T13:52:56.926Z] <<< [apiv2][body] POST https://upload-firebasehosting.googleapis.com/upload/sites/nizhgorodov-980e3/versions/184ed331c6775b60/files/eff35687cd40d6cab544845d2b7e944e6cca0bfb10b9c12af44133f056742799 [stream]
[debug] [2026-06-19T13:52:56.949Z] <<< [apiv2][status] POST https://upload-firebasehosting.googleapis.com/upload/sites/nizhgorodov-980e3/versions/184ed331c6775b60/files/492e8fde077776993f8b98f35a0d2248daf61321a9ac6ead8dc10c757b311de8 200
[debug] [2026-06-19T13:52:56.949Z] <<< [apiv2][body] POST https://upload-firebasehosting.googleapis.com/upload/sites/nizhgorodov-980e3/versions/184ed331c6775b60/files/492e8fde077776993f8b98f35a0d2248daf61321a9ac6ead8dc10c757b311de8 [stream]
[debug] [2026-06-19T13:52:56.991Z] <<< [apiv2][status] POST https://upload-firebasehosting.googleapis.com/upload/sites/nizhgorodov-980e3/versions/184ed331c6775b60/files/f7513ab3b738a22c9173fd0407f70e3c842b3440a0bdcf946a4577256f806848 200
[debug] [2026-06-19T13:52:56.991Z] <<< [apiv2][body] POST https://upload-firebasehosting.googleapis.com/upload/sites/nizhgorodov-980e3/versions/184ed331c6775b60/files/f7513ab3b738a22c9173fd0407f70e3c842b3440a0bdcf946a4577256f806848 [stream]
[debug] [2026-06-19T13:52:56.999Z] <<< [apiv2][status] POST https://upload-firebasehosting.googleapis.com/upload/sites/nizhgorodov-980e3/versions/184ed331c6775b60/files/015f1d039d289614b3845d6ea4cd8fc303b2910edceb03dc5a04d3ce53f2d0c0 200
[debug] [2026-06-19T13:52:56.999Z] <<< [apiv2][body] POST https://upload-firebasehosting.googleapis.com/upload/sites/nizhgorodov-980e3/versions/184ed331c6775b60/files/015f1d039d289614b3845d6ea4cd8fc303b2910edceb03dc5a04d3ce53f2d0c0 [stream]
[debug] [2026-06-19T13:52:57.005Z] <<< [apiv2][status] POST https://upload-firebasehosting.googleapis.com/upload/sites/nizhgorodov-980e3/versions/184ed331c6775b60/files/1bd7e6b59299368acc83c9f832bdda28aeff85f986825e28ff9e92e978f8cd8c 200
[debug] [2026-06-19T13:52:57.005Z] <<< [apiv2][body] POST https://upload-firebasehosting.googleapis.com/upload/sites/nizhgorodov-980e3/versions/184ed331c6775b60/files/1bd7e6b59299368acc83c9f832bdda28aeff85f986825e28ff9e92e978f8cd8c [stream]
[debug] [2026-06-19T13:52:57.030Z] <<< [apiv2][status] POST https://upload-firebasehosting.googleapis.com/upload/sites/nizhgorodov-980e3/versions/184ed331c6775b60/files/198f3a02e38a2d1e7969196969cd1a5249e4a0e025b362480fbf8af459eb615d 200
[debug] [2026-06-19T13:52:57.030Z] <<< [apiv2][body] POST https://upload-firebasehosting.googleapis.com/upload/sites/nizhgorodov-980e3/versions/184ed331c6775b60/files/198f3a02e38a2d1e7969196969cd1a5249e4a0e025b362480fbf8af459eb615d [stream]
[debug] [2026-06-19T13:52:57.085Z] <<< [apiv2][status] POST https://upload-firebasehosting.googleapis.com/upload/sites/nizhgorodov-980e3/versions/184ed331c6775b60/files/931c737df3cfa38f74b882cedc3e687c7c2e3b66ef2c9f18079262feca2e2e2c 200
[debug] [2026-06-19T13:52:57.085Z] <<< [apiv2][body] POST https://upload-firebasehosting.googleapis.com/upload/sites/nizhgorodov-980e3/versions/184ed331c6775b60/files/931c737df3cfa38f74b882cedc3e687c7c2e3b66ef2c9f18079262feca2e2e2c [stream]
[debug] [2026-06-19T13:52:57.103Z] <<< [apiv2][status] POST https://upload-firebasehosting.googleapis.com/upload/sites/nizhgorodov-980e3/versions/184ed331c6775b60/files/d1d5dfd47b8371ebbd3d8e948b297b6612131a4eb4865a9ac528105d35099601 200
[debug] [2026-06-19T13:52:57.103Z] <<< [apiv2][body] POST https://upload-firebasehosting.googleapis.com/upload/sites/nizhgorodov-980e3/versions/184ed331c6775b60/files/d1d5dfd47b8371ebbd3d8e948b297b6612131a4eb4865a9ac528105d35099601 [stream]
[debug] [2026-06-19T13:52:57.373Z] <<< [apiv2][status] POST https://upload-firebasehosting.googleapis.com/upload/sites/nizhgorodov-980e3/versions/184ed331c6775b60/files/3137834e4bc6f0e35496d1b363947fd6074f959f0c4ec84cfd7c62cc76f0d1f2 200
[debug] [2026-06-19T13:52:57.373Z] <<< [apiv2][body] POST https://upload-firebasehosting.googleapis.com/upload/sites/nizhgorodov-980e3/versions/184ed331c6775b60/files/3137834e4bc6f0e35496d1b363947fd6074f959f0c4ec84cfd7c62cc76f0d1f2 [stream]
[debug] [2026-06-19T13:52:57.373Z] [hosting][upload queue][FINAL] {"max":1961,"min":1438,"avg":1573.0714285714287,"active":0,"complete":14,"success":14,"errored":0,"retried":0,"total":14,"elapsed":1964}
[info] i  hosting: upload complete 
[info] ✔  hosting[nizhgorodov-980e3]: file upload complete 
[debug] [2026-06-19T13:52:57.374Z] [hosting] deploy completed after 3058ms
[debug] [2026-06-19T13:52:57.374Z] [
  {
    "config": {
      "public": "build",
      "cleanUrls": true,
      "ignore": [
        "firebase.json",
        "**/.*",
        "**/node_modules/**"
      ],
      "site": "nizhgorodov-980e3"
    },
    "version": "projects/249283010080/sites/nizhgorodov-980e3/versions/184ed331c6775b60"
  }
]
[info] i  hosting[nizhgorodov-980e3]: finalizing version... 
[debug] [2026-06-19T13:52:57.376Z] Checked if tokens are valid: true, expires at: 1781879972894
[debug] [2026-06-19T13:52:57.376Z] Checked if tokens are valid: true, expires at: 1781879972894
[debug] [2026-06-19T13:52:57.376Z] >>> [apiv2][query] PATCH https://firebasehosting.googleapis.com/v1beta1/projects/-/sites/nizhgorodov-980e3/versions/184ed331c6775b60 updateMask=status%2Cconfig
[debug] [2026-06-19T13:52:57.376Z] >>> [apiv2][body] PATCH https://firebasehosting.googleapis.com/v1beta1/projects/-/sites/nizhgorodov-980e3/versions/184ed331c6775b60 {"status":"FINALIZED","config":{"cleanUrls":true}}
[debug] [2026-06-19T13:52:59.031Z] <<< [apiv2][status] PATCH https://firebasehosting.googleapis.com/v1beta1/projects/-/sites/nizhgorodov-980e3/versions/184ed331c6775b60 200
[debug] [2026-06-19T13:52:59.032Z] <<< [apiv2][body] PATCH https://firebasehosting.googleapis.com/v1beta1/projects/-/sites/nizhgorodov-980e3/versions/184ed331c6775b60 {"name":"projects/249283010080/sites/nizhgorodov-980e3/versions/184ed331c6775b60","status":"FINALIZED","config":{"cleanUrls":true},"labels":{"deployment-tool":"cli-firebase"},"createTime":"2026-06-19T13:51:54.175669Z","createUser":{"email":"8900800700a@gmail.com"},"finalizeTime":"2026-06-19T13:52:58.866481Z","finalizeUser":{"email":"8900800700a@gmail.com"}}
[debug] [2026-06-19T13:52:59.032Z] [hosting] finalized version for nizhgorodov-980e3:[object Object]
[info] ✔  hosting[nizhgorodov-980e3]: version finalized 
[info] i  hosting[nizhgorodov-980e3]: releasing new version... 
[debug] [2026-06-19T13:52:59.032Z] Checked if tokens are valid: true, expires at: 1781879972894
[debug] [2026-06-19T13:52:59.032Z] Checked if tokens are valid: true, expires at: 1781879972894
[debug] [2026-06-19T13:52:59.032Z] >>> [apiv2][query] POST https://firebasehosting.googleapis.com/v1beta1/projects/-/sites/nizhgorodov-980e3/channels/live/releases versionName=projects%2F249283010080%2Fsites%2Fnizhgorodov-980e3%2Fversions%2F184ed331c6775b60
[debug] [2026-06-19T13:52:59.032Z] >>> [apiv2][body] POST https://firebasehosting.googleapis.com/v1beta1/projects/-/sites/nizhgorodov-980e3/channels/live/releases {}
[debug] [2026-06-19T13:53:01.064Z] <<< [apiv2][status] POST https://firebasehosting.googleapis.com/v1beta1/projects/-/sites/nizhgorodov-980e3/channels/live/releases 200
[debug] [2026-06-19T13:53:01.064Z] <<< [apiv2][body] POST https://firebasehosting.googleapis.com/v1beta1/projects/-/sites/nizhgorodov-980e3/channels/live/releases {"name":"projects/249283010080/sites/nizhgorodov-980e3/channels/live/releases/1781877179977000","version":{"name":"projects/249283010080/sites/nizhgorodov-980e3/versions/184ed331c6775b60","status":"FINALIZED","config":{"cleanUrls":true},"labels":{"deployment-tool":"cli-firebase"},"createTime":"2026-06-19T13:51:54.175669Z","createUser":{"email":"8900800700a@gmail.com","imageUrl":"https://lh3.googleusercontent.com/a/ACg8ocL_atsCL6wFE296dBchzV5cZaKTqVlSDOvpAgDzQ1bDpEjiudRv"},"finalizeTime":"2026-06-19T13:52:58.866481Z","finalizeUser":{"email":"8900800700a@gmail.com","imageUrl":"https://lh3.googleusercontent.com/a/ACg8ocL_atsCL6wFE296dBchzV5cZaKTqVlSDOvpAgDzQ1bDpEjiudRv"}},"type":"DEPLOY","releaseTime":"2026-06-19T13:52:59.977Z","releaseUser":{"email":"8900800700a@gmail.com","imageUrl":"https://lh3.googleusercontent.com/a/ACg8ocL_atsCL6wFE296dBchzV5cZaKTqVlSDOvpAgDzQ1bDpEjiudRv"}}
[debug] [2026-06-19T13:53:01.064Z] [hosting] release: {"name":"projects/249283010080/sites/nizhgorodov-980e3/channels/live/releases/1781877179977000","version":{"name":"projects/249283010080/sites/nizhgorodov-980e3/versions/184ed331c6775b60","status":"FINALIZED","config":{"cleanUrls":true},"labels":{"deployment-tool":"cli-firebase"},"createTime":"2026-06-19T13:51:54.175669Z","createUser":{"email":"8900800700a@gmail.com","imageUrl":"https://lh3.googleusercontent.com/a/ACg8ocL_atsCL6wFE296dBchzV5cZaKTqVlSDOvpAgDzQ1bDpEjiudRv"},"finalizeTime":"2026-06-19T13:52:58.866481Z","finalizeUser":{"email":"8900800700a@gmail.com","imageUrl":"https://lh3.googleusercontent.com/a/ACg8ocL_atsCL6wFE296dBchzV5cZaKTqVlSDOvpAgDzQ1bDpEjiudRv"}},"type":"DEPLOY","releaseTime":"2026-06-19T13:52:59.977Z","releaseUser":{"email":"8900800700a@gmail.com","imageUrl":"https://lh3.googleusercontent.com/a/ACg8ocL_atsCL6wFE296dBchzV5cZaKTqVlSDOvpAgDzQ1bDpEjiudRv"}}
[info] ✔  hosting[nizhgorodov-980e3]: release complete 
[info] 
[info] ✔  Deploy complete! 
[info] 
[info] Project Console: https://console.firebase.google.com/project/nizhgorodov-980e3/overview
[info] Hosting URL: https://nizhgorodov-980e3.web.app
[debug] [2026-06-19T13:53:11.076Z] Error: Timed out.
    at Timeout._onTimeout (/opt/homebrew/lib/node_modules/firebase-tools/lib/utils.js:308:49)
    at listOnTimeout (node:internal/timers:605:17)
    at process.processTimers (node:internal/timers:541:7)
[error] 
[error] Error: An unexpected error has occurred.
[debug] [2026-06-19T13:53:40.156Z] ----------------------------------------------------------------------
[debug] [2026-06-19T13:53:40.157Z] Command:       /opt/homebrew/Cellar/node/25.2.1/bin/node /opt/homebrew/bin/firebase deploy --only hosting --project nizhgorodov-980e3 --non-interactive
[debug] [2026-06-19T13:53:40.157Z] CLI Version:   15.7.0
[debug] [2026-06-19T13:53:40.157Z] Platform:      darwin
[debug] [2026-06-19T13:53:40.157Z] Node Version:  v25.2.1
[debug] [2026-06-19T13:53:40.157Z] Time:          Fri Jun 19 2026 16:53:40 GMT+0300 (Moscow Standard Time)
[debug] [2026-06-19T13:53:40.157Z] ----------------------------------------------------------------------
[debug] 
[debug] [2026-06-19T13:53:40.697Z] > command requires scopes: ["email","openid","https://www.googleapis.com/auth/cloudplatformprojects.readonly","https://www.googleapis.com/auth/firebase","https://www.googleapis.com/auth/cloud-platform"]
[debug] [2026-06-19T13:53:40.697Z] > authorizing via signed-in user (8900800700a@gmail.com)
[debug] [2026-06-19T13:53:40.697Z] [iam] checking project nizhgorodov-980e3 for permissions ["firebase.projects.get","firebasehosting.sites.update"]
[debug] [2026-06-19T13:53:40.697Z] Checked if tokens are valid: true, expires at: 1781879972894
[debug] [2026-06-19T13:53:40.697Z] Checked if tokens are valid: true, expires at: 1781879972894
[debug] [2026-06-19T13:53:40.698Z] >>> [apiv2][query] POST https://cloudresourcemanager.googleapis.com/v1/projects/nizhgorodov-980e3:testIamPermissions [none]
[debug] [2026-06-19T13:53:40.698Z] >>> [apiv2][(partial)header] POST https://cloudresourcemanager.googleapis.com/v1/projects/nizhgorodov-980e3:testIamPermissions  x-goog-user-project=nizhgorodov-980e3
[debug] [2026-06-19T13:53:40.698Z] >>> [apiv2][body] POST https://cloudresourcemanager.googleapis.com/v1/projects/nizhgorodov-980e3:testIamPermissions {"permissions":["firebase.projects.get","firebasehosting.sites.update"]}
[debug] [2026-06-19T13:53:41.498Z] <<< [apiv2][status] POST https://cloudresourcemanager.googleapis.com/v1/projects/nizhgorodov-980e3:testIamPermissions 200
[debug] [2026-06-19T13:53:41.499Z] <<< [apiv2][body] POST https://cloudresourcemanager.googleapis.com/v1/projects/nizhgorodov-980e3:testIamPermissions {"permissions":["firebase.projects.get","firebasehosting.sites.update"]}
[debug] [2026-06-19T13:53:41.499Z] Checked if tokens are valid: true, expires at: 1781879972894
[debug] [2026-06-19T13:53:41.499Z] Checked if tokens are valid: true, expires at: 1781879972894
[debug] [2026-06-19T13:53:41.500Z] >>> [apiv2][query] GET https://firebase.googleapis.com/v1beta1/projects/nizhgorodov-980e3 [none]
[debug] [2026-06-19T13:53:42.040Z] <<< [apiv2][status] GET https://firebase.googleapis.com/v1beta1/projects/nizhgorodov-980e3 200
[debug] [2026-06-19T13:53:42.040Z] <<< [apiv2][body] GET https://firebase.googleapis.com/v1beta1/projects/nizhgorodov-980e3 {"projectId":"nizhgorodov-980e3","projectNumber":"249283010080","displayName":"nizhgorodov","name":"projects/nizhgorodov-980e3","resources":{"hostingSite":"nizhgorodov-980e3"},"state":"ACTIVE","etag":"1_bac89f22-5c13-4f38-9160-2f12bc9431ec"}
[info] 
[info] === Deploying to 'nizhgorodov-980e3'...
[info] 
[info] i  deploying hosting 
[debug] [2026-06-19T13:53:42.048Z] Checked if tokens are valid: true, expires at: 1781879972894
[debug] [2026-06-19T13:53:42.048Z] Checked if tokens are valid: true, expires at: 1781879972894
[debug] [2026-06-19T13:53:42.048Z] >>> [apiv2][query] POST https://firebasehosting.googleapis.com/v1beta1/projects/-/sites/nizhgorodov-980e3/versions [none]
[debug] [2026-06-19T13:53:42.048Z] >>> [apiv2][body] POST https://firebasehosting.googleapis.com/v1beta1/projects/-/sites/nizhgorodov-980e3/versions {"status":"CREATED","labels":{"deployment-tool":"cli-firebase"}}
[debug] [2026-06-19T13:53:43.909Z] <<< [apiv2][status] POST https://firebasehosting.googleapis.com/v1beta1/projects/-/sites/nizhgorodov-980e3/versions 200
[debug] [2026-06-19T13:53:43.909Z] <<< [apiv2][body] POST https://firebasehosting.googleapis.com/v1beta1/projects/-/sites/nizhgorodov-980e3/versions {"name":"projects/249283010080/sites/nizhgorodov-980e3/versions/0f522faf1ba90646","status":"CREATED","config":{},"labels":{"deployment-tool":"cli-firebase"}}
[info] i  hosting[nizhgorodov-980e3]: beginning deploy... 
[info] i  hosting[nizhgorodov-980e3]: found 37 files in build 
[debug] [2026-06-19T13:54:43.114Z] [hosting] uploading with 200 concurrency
[debug] [2026-06-19T13:54:43.133Z] Checked if tokens are valid: true, expires at: 1781879972894
[debug] [2026-06-19T13:54:43.133Z] Checked if tokens are valid: true, expires at: 1781879972894
[debug] [2026-06-19T13:54:43.134Z] [hosting] hash cache [YnVpbGQ] stored for 37 files
[debug] [2026-06-19T13:54:43.134Z] [hosting][hash queue][FINAL] {"max":16,"min":9,"avg":10.81081081081081,"active":0,"complete":37,"success":37,"errored":0,"retried":0,"total":37,"elapsed":19}
[debug] [2026-06-19T13:54:43.134Z] >>> [apiv2][query] POST https://firebasehosting.googleapis.com/v1beta1/projects/249283010080/sites/nizhgorodov-980e3/versions/0f522faf1ba90646:populateFiles [none]
[debug] [2026-06-19T13:54:43.134Z] >>> [apiv2][body] POST https://firebasehosting.googleapis.com/v1beta1/projects/249283010080/sites/nizhgorodov-980e3/versions/0f522faf1ba90646:populateFiles {"files":{"/sitemap.xml":"f0a957a7fa1d37bc39f58098f8471787ba219d45dbf5f8b1c09bb9598fab7b72","/robots.txt":"15ebd5eee987a7f1469e112cc57715051a3f94fb368fd1deb3fdde37dbead0db","/favicon.svg":"5d87b9a98aa1af4b6e0142691fb92d2134b02308438d571624b77dd291ad5ba8","/en.html":"3145a4cbdc8f4124868d43b7718bf54d193e33cab0196206dfa950772fd5aa1f","/logo/perfema.svg":"c70e76bf36b5a6b7916a091635477bce98665ab0c3041f8ac7fe9ea4525ce3b7","/logo/yandex.svg":"73b2a6d464bff5f562a81d068acd5fec30a5894baf4ff5f018166494e3348780","/logo/edya.svg":"b4d0b1000530f2062b459e4b9a6e114ca84095166ac4d5bc59dfff4a71ecf5b6","/ru.html":"1ffeff7f13e1ee28bfb2f0b8e9aed0f5bb449818db4a32b57608e6bcbb7888f1","/_app/env.js":"b6422bbd2a0c5c86bc11dd510c32c124689f1abbb2498ede068c8222cf6cf07b","/_app/version.json":"7414c7b1478fc962f71ebb140088d2018993a7e080297b45f212110516b2846c","/_app/immutable/nodes/2.CwBpJHcx.js":"44ea3f4dcdb0a62f813d55e7026a7a225cf6efadd2f79a40ba239dfd4581b353","/_app/immutable/nodes/3.DtDfWurp.js":"1c2f246cfae002b1d02f01706fbf3006ae16de79d8921a72e6b4e477fa9d72ca","/_app/immutable/nodes/4.CEH16ZlI.js":"164d7fa689b56ccf0b56b7c30fdb4f1dbc57f2452e8169fd1094b91ce58e420e","/_app/immutable/nodes/1.3aS_d-Md.js":"2401661245cbfd587bc83e021bb7a7bb65d8533a172fe684b37464a3f6e3ceac","/_app/immutable/entry/start.8-yoD1OW.js":"00b718a14964636a6e4b081f80336b1c0d25c9328c4411182629fec199707449","/_app/immutable/chunks/obVeejdx.js":"bb1631e1eff6e75ce7690f9e86872631db661b022bebfdc84123826101f5c3a0","/_app/immutable/nodes/0.CfXu7DVP.js":"1d3c072c916a0c9443b780ae8763c82e4b8de6a115a28678fd71b9c51456401f","/index.html":"141474d63bc638bbc76677149733d5d74161945f1d8cb2a9b7995ba962bff853","/edu/hse.svg":"3616db159c4297adf63984895acf0b8d6c7de0e23dcbb61e9342d5643c55c1d2","/_app/immutable/entry/app.D2wKJdAl.js":"e4d646d41b5ace67eecfd885a06ca29b601cae58025cfec66828ee662a3a8bb0","/_app/immutable/chunks/DBewB76Q.js":"874fcd093979dd8dab67ff2615f48f8c267f882ac39ea16d1061fd764874f779","/_app/immutable/chunks/Dxaj-fIP.js":"9d6b18b51df520864e0fb7fe66eb7a4fa17ecb8e9c695fd2671f63dfc7be2864","/_app/immutable/chunks/D01C4JX9.js":"500d777e7147a3b5721bc4e0a9f914704ecd3a3ea0e4fd751f8c97b2495c3379","/_app/immutable/chunks/DlSTxH-B.js":"328845ff11617ac9ac4cf712d70a5843b954d4021760d1b2b49f9ab021533dfb","/_app/immutable/assets/0.DwmJy8FY.css":"e434e2d127f74b03ac9b0dd2df1ed961d7a4fd7143d50afa13ff89cba7576973","/_app/immutable/chunks/B3TgCwa8.js":"992b34bcf0b7bffa7f7c6d57989cfa660a5ef9320576edc747cd91da8e4d5da4","/_app/immutable/chunks/CSwjljvD.js":"d8a50f5ba7008f54dbfb0f153f02dc73bc482765d448daaec51290c58a74503c","/_app/immutable/chunks/ZoCjFmFA.js":"5f97ca463f843363b5ee3b6f1590b0edb2a2e7e75efaed2b6d3ae24a24257338","/_app/immutable/chunks/D-GU6gwO.js":"085e92f8be1de1e185503a34d5af451045900d556f88332790ed3bd324c65075","/_app/immutable/chunks/CSNHVKCV.js":"95563195fcd5e720ea8e940681a763148ec2e255964abfd6f45d6c4706cf09f6","/og-en.png":"96030b98dec44474932ec3f2025104bc0be993d9c5c4cd5bf42bffbd4b3f6171","/og.png":"20e3ff7d7b9a62cb4e8a5b759f9de9c1aa9fc28d889aedfefe566a5e619a57da","/edu/misis.png":"8dfbf865cc6f44ce3230afd34298d033edaea63c0b81e9cf9db4807607b75e03","/photo-2.jpg":"6c09a7dd27f85dcd21c883643a87186fd0ad7004bc2e0c1ff78d61c345ad6e3e","/photo-1.jpg":"98bec2a7adc2cb497cee250b2264cd0675e5ffaad135d3cf3bf62a6d19f0730d","/avatar.jpg":"98bec2a7adc2cb497cee250b2264cd0675e5ffaad135d3cf3bf62a6d19f0730d","/photo-3.jpg":"128adaa4e24a4ef6f1aee4f0c7c177a04142290d7ed5b4fbb3fbd1ac290205c1"}}
[debug] [2026-06-19T13:54:44.330Z] <<< [apiv2][status] POST https://firebasehosting.googleapis.com/v1beta1/projects/249283010080/sites/nizhgorodov-980e3/versions/0f522faf1ba90646:populateFiles 200
[debug] [2026-06-19T13:54:44.330Z] <<< [apiv2][body] POST https://firebasehosting.googleapis.com/v1beta1/projects/249283010080/sites/nizhgorodov-980e3/versions/0f522faf1ba90646:populateFiles {"uploadRequiredHashes":["164d7fa689b56ccf0b56b7c30fdb4f1dbc57f2452e8169fd1094b91ce58e420e","44ea3f4dcdb0a62f813d55e7026a7a225cf6efadd2f79a40ba239dfd4581b353","1ffeff7f13e1ee28bfb2f0b8e9aed0f5bb449818db4a32b57608e6bcbb7888f1","3145a4cbdc8f4124868d43b7718bf54d193e33cab0196206dfa950772fd5aa1f","7414c7b1478fc962f71ebb140088d2018993a7e080297b45f212110516b2846c","d8a50f5ba7008f54dbfb0f153f02dc73bc482765d448daaec51290c58a74503c","00b718a14964636a6e4b081f80336b1c0d25c9328c4411182629fec199707449","e4d646d41b5ace67eecfd885a06ca29b601cae58025cfec66828ee662a3a8bb0","2401661245cbfd587bc83e021bb7a7bb65d8533a172fe684b37464a3f6e3ceac","5f97ca463f843363b5ee3b6f1590b0edb2a2e7e75efaed2b6d3ae24a24257338","1d3c072c916a0c9443b780ae8763c82e4b8de6a115a28678fd71b9c51456401f","95563195fcd5e720ea8e940681a763148ec2e255964abfd6f45d6c4706cf09f6","141474d63bc638bbc76677149733d5d74161945f1d8cb2a9b7995ba962bff853","1c2f246cfae002b1d02f01706fbf3006ae16de79d8921a72e6b4e477fa9d72ca"],"uploadUrl":"https://upload-firebasehosting.googleapis.com/upload/sites/nizhgorodov-980e3/versions/0f522faf1ba90646/files"}
[debug] [2026-06-19T13:54:44.331Z] Checked if tokens are valid: true, expires at: 1781879972894
[debug] [2026-06-19T13:54:44.331Z] Checked if tokens are valid: true, expires at: 1781879972894
[debug] [2026-06-19T13:54:44.331Z] Checked if tokens are valid: true, expires at: 1781879972894
[debug] [2026-06-19T13:54:44.331Z] Checked if tokens are valid: true, expires at: 1781879972894
[debug] [2026-06-19T13:54:44.332Z] Checked if tokens are valid: true, expires at: 1781879972894
[debug] [2026-06-19T13:54:44.332Z] Checked if tokens are valid: true, expires at: 1781879972894
[debug] [2026-06-19T13:54:44.332Z] Checked if tokens are valid: true, expires at: 1781879972894
[debug] [2026-06-19T13:54:44.332Z] Checked if tokens are valid: true, expires at: 1781879972894
[debug] [2026-06-19T13:54:44.332Z] Checked if tokens are valid: true, expires at: 1781879972894
[debug] [2026-06-19T13:54:44.332Z] Checked if tokens are valid: true, expires at: 1781879972894
[debug] [2026-06-19T13:54:44.332Z] Checked if tokens are valid: true, expires at: 1781879972894
[debug] [2026-06-19T13:54:44.332Z] Checked if tokens are valid: true, expires at: 1781879972894
[debug] [2026-06-19T13:54:44.333Z] Checked if tokens are valid: true, expires at: 1781879972894
[debug] [2026-06-19T13:54:44.333Z] Checked if tokens are valid: true, expires at: 1781879972894
[debug] [2026-06-19T13:54:44.333Z] Checked if tokens are valid: true, expires at: 1781879972894
[debug] [2026-06-19T13:54:44.333Z] Checked if tokens are valid: true, expires at: 1781879972894
[debug] [2026-06-19T13:54:44.333Z] Checked if tokens are valid: true, expires at: 1781879972894
[debug] [2026-06-19T13:54:44.333Z] Checked if tokens are valid: true, expires at: 1781879972894
[debug] [2026-06-19T13:54:44.333Z] Checked if tokens are valid: true, expires at: 1781879972894
[debug] [2026-06-19T13:54:44.333Z] Checked if tokens are valid: true, expires at: 1781879972894
[debug] [2026-06-19T13:54:44.333Z] Checked if tokens are valid: true, expires at: 1781879972894
[debug] [2026-06-19T13:54:44.333Z] Checked if tokens are valid: true, expires at: 1781879972894
[debug] [2026-06-19T13:54:44.334Z] Checked if tokens are valid: true, expires at: 1781879972894
[debug] [2026-06-19T13:54:44.334Z] Checked if tokens are valid: true, expires at: 1781879972894
[debug] [2026-06-19T13:54:44.334Z] Checked if tokens are valid: true, expires at: 1781879972894
[debug] [2026-06-19T13:54:44.334Z] Checked if tokens are valid: true, expires at: 1781879972894
[debug] [2026-06-19T13:54:44.334Z] Checked if tokens are valid: true, expires at: 1781879972894
[debug] [2026-06-19T13:54:44.334Z] Checked if tokens are valid: true, expires at: 1781879972894
[debug] [2026-06-19T13:54:44.334Z] >>> [apiv2][query] POST https://upload-firebasehosting.googleapis.com/upload/sites/nizhgorodov-980e3/versions/0f522faf1ba90646/files/164d7fa689b56ccf0b56b7c30fdb4f1dbc57f2452e8169fd1094b91ce58e420e [none]
[debug] [2026-06-19T13:54:44.334Z] >>> [apiv2][body] POST https://upload-firebasehosting.googleapis.com/upload/sites/nizhgorodov-980e3/versions/0f522faf1ba90646/files/164d7fa689b56ccf0b56b7c30fdb4f1dbc57f2452e8169fd1094b91ce58e420e [stream]
[debug] [2026-06-19T13:54:44.335Z] >>> [apiv2][query] POST https://upload-firebasehosting.googleapis.com/upload/sites/nizhgorodov-980e3/versions/0f522faf1ba90646/files/44ea3f4dcdb0a62f813d55e7026a7a225cf6efadd2f79a40ba239dfd4581b353 [none]
[debug] [2026-06-19T13:54:44.335Z] >>> [apiv2][body] POST https://upload-firebasehosting.googleapis.com/upload/sites/nizhgorodov-980e3/versions/0f522faf1ba90646/files/44ea3f4dcdb0a62f813d55e7026a7a225cf6efadd2f79a40ba239dfd4581b353 [stream]
[debug] [2026-06-19T13:54:44.337Z] >>> [apiv2][query] POST https://upload-firebasehosting.googleapis.com/upload/sites/nizhgorodov-980e3/versions/0f522faf1ba90646/files/1ffeff7f13e1ee28bfb2f0b8e9aed0f5bb449818db4a32b57608e6bcbb7888f1 [none]
[debug] [2026-06-19T13:54:44.337Z] >>> [apiv2][body] POST https://upload-firebasehosting.googleapis.com/upload/sites/nizhgorodov-980e3/versions/0f522faf1ba90646/files/1ffeff7f13e1ee28bfb2f0b8e9aed0f5bb449818db4a32b57608e6bcbb7888f1 [stream]
[debug] [2026-06-19T13:54:44.339Z] >>> [apiv2][query] POST https://upload-firebasehosting.googleapis.com/upload/sites/nizhgorodov-980e3/versions/0f522faf1ba90646/files/3145a4cbdc8f4124868d43b7718bf54d193e33cab0196206dfa950772fd5aa1f [none]
[debug] [2026-06-19T13:54:44.339Z] >>> [apiv2][body] POST https://upload-firebasehosting.googleapis.com/upload/sites/nizhgorodov-980e3/versions/0f522faf1ba90646/files/3145a4cbdc8f4124868d43b7718bf54d193e33cab0196206dfa950772fd5aa1f [stream]
[debug] [2026-06-19T13:54:44.340Z] >>> [apiv2][query] POST https://upload-firebasehosting.googleapis.com/upload/sites/nizhgorodov-980e3/versions/0f522faf1ba90646/files/7414c7b1478fc962f71ebb140088d2018993a7e080297b45f212110516b2846c [none]
[debug] [2026-06-19T13:54:44.340Z] >>> [apiv2][body] POST https://upload-firebasehosting.googleapis.com/upload/sites/nizhgorodov-980e3/versions/0f522faf1ba90646/files/7414c7b1478fc962f71ebb140088d2018993a7e080297b45f212110516b2846c [stream]
[debug] [2026-06-19T13:54:44.341Z] >>> [apiv2][query] POST https://upload-firebasehosting.googleapis.com/upload/sites/nizhgorodov-980e3/versions/0f522faf1ba90646/files/d8a50f5ba7008f54dbfb0f153f02dc73bc482765d448daaec51290c58a74503c [none]
[debug] [2026-06-19T13:54:44.342Z] >>> [apiv2][body] POST https://upload-firebasehosting.googleapis.com/upload/sites/nizhgorodov-980e3/versions/0f522faf1ba90646/files/d8a50f5ba7008f54dbfb0f153f02dc73bc482765d448daaec51290c58a74503c [stream]
[debug] [2026-06-19T13:54:44.342Z] >>> [apiv2][query] POST https://upload-firebasehosting.googleapis.com/upload/sites/nizhgorodov-980e3/versions/0f522faf1ba90646/files/00b718a14964636a6e4b081f80336b1c0d25c9328c4411182629fec199707449 [none]
[debug] [2026-06-19T13:54:44.342Z] >>> [apiv2][body] POST https://upload-firebasehosting.googleapis.com/upload/sites/nizhgorodov-980e3/versions/0f522faf1ba90646/files/00b718a14964636a6e4b081f80336b1c0d25c9328c4411182629fec199707449 [stream]
[debug] [2026-06-19T13:54:44.343Z] >>> [apiv2][query] POST https://upload-firebasehosting.googleapis.com/upload/sites/nizhgorodov-980e3/versions/0f522faf1ba90646/files/e4d646d41b5ace67eecfd885a06ca29b601cae58025cfec66828ee662a3a8bb0 [none]
[debug] [2026-06-19T13:54:44.343Z] >>> [apiv2][body] POST https://upload-firebasehosting.googleapis.com/upload/sites/nizhgorodov-980e3/versions/0f522faf1ba90646/files/e4d646d41b5ace67eecfd885a06ca29b601cae58025cfec66828ee662a3a8bb0 [stream]
[debug] [2026-06-19T13:54:44.344Z] >>> [apiv2][query] POST https://upload-firebasehosting.googleapis.com/upload/sites/nizhgorodov-980e3/versions/0f522faf1ba90646/files/2401661245cbfd587bc83e021bb7a7bb65d8533a172fe684b37464a3f6e3ceac [none]
[debug] [2026-06-19T13:54:44.345Z] >>> [apiv2][body] POST https://upload-firebasehosting.googleapis.com/upload/sites/nizhgorodov-980e3/versions/0f522faf1ba90646/files/2401661245cbfd587bc83e021bb7a7bb65d8533a172fe684b37464a3f6e3ceac [stream]
[debug] [2026-06-19T13:54:44.346Z] >>> [apiv2][query] POST https://upload-firebasehosting.googleapis.com/upload/sites/nizhgorodov-980e3/versions/0f522faf1ba90646/files/5f97ca463f843363b5ee3b6f1590b0edb2a2e7e75efaed2b6d3ae24a24257338 [none]
[debug] [2026-06-19T13:54:44.346Z] >>> [apiv2][body] POST https://upload-firebasehosting.googleapis.com/upload/sites/nizhgorodov-980e3/versions/0f522faf1ba90646/files/5f97ca463f843363b5ee3b6f1590b0edb2a2e7e75efaed2b6d3ae24a24257338 [stream]
[debug] [2026-06-19T13:54:44.346Z] >>> [apiv2][query] POST https://upload-firebasehosting.googleapis.com/upload/sites/nizhgorodov-980e3/versions/0f522faf1ba90646/files/1d3c072c916a0c9443b780ae8763c82e4b8de6a115a28678fd71b9c51456401f [none]
[debug] [2026-06-19T13:54:44.346Z] >>> [apiv2][body] POST https://upload-firebasehosting.googleapis.com/upload/sites/nizhgorodov-980e3/versions/0f522faf1ba90646/files/1d3c072c916a0c9443b780ae8763c82e4b8de6a115a28678fd71b9c51456401f [stream]
[debug] [2026-06-19T13:54:44.347Z] >>> [apiv2][query] POST https://upload-firebasehosting.googleapis.com/upload/sites/nizhgorodov-980e3/versions/0f522faf1ba90646/files/95563195fcd5e720ea8e940681a763148ec2e255964abfd6f45d6c4706cf09f6 [none]
[debug] [2026-06-19T13:54:44.347Z] >>> [apiv2][body] POST https://upload-firebasehosting.googleapis.com/upload/sites/nizhgorodov-980e3/versions/0f522faf1ba90646/files/95563195fcd5e720ea8e940681a763148ec2e255964abfd6f45d6c4706cf09f6 [stream]
[debug] [2026-06-19T13:54:44.348Z] >>> [apiv2][query] POST https://upload-firebasehosting.googleapis.com/upload/sites/nizhgorodov-980e3/versions/0f522faf1ba90646/files/141474d63bc638bbc76677149733d5d74161945f1d8cb2a9b7995ba962bff853 [none]
[debug] [2026-06-19T13:54:44.348Z] >>> [apiv2][body] POST https://upload-firebasehosting.googleapis.com/upload/sites/nizhgorodov-980e3/versions/0f522faf1ba90646/files/141474d63bc638bbc76677149733d5d74161945f1d8cb2a9b7995ba962bff853 [stream]
[debug] [2026-06-19T13:54:44.349Z] >>> [apiv2][query] POST https://upload-firebasehosting.googleapis.com/upload/sites/nizhgorodov-980e3/versions/0f522faf1ba90646/files/1c2f246cfae002b1d02f01706fbf3006ae16de79d8921a72e6b4e477fa9d72ca [none]
[debug] [2026-06-19T13:54:44.349Z] >>> [apiv2][body] POST https://upload-firebasehosting.googleapis.com/upload/sites/nizhgorodov-980e3/versions/0f522faf1ba90646/files/1c2f246cfae002b1d02f01706fbf3006ae16de79d8921a72e6b4e477fa9d72ca [stream]
[debug] [2026-06-19T13:54:44.349Z] [hosting][populate queue][FINAL] {"max":1201,"min":1201,"avg":1201,"active":0,"complete":1,"success":1,"errored":0,"retried":0,"total":1,"elapsed":1216}
[debug] [2026-06-19T13:54:44.350Z] [hosting] uploads queued: 14
[info] i  hosting: uploading new files [0/14] (0%) 
[debug] [2026-06-19T13:54:45.686Z] <<< [apiv2][status] POST https://upload-firebasehosting.googleapis.com/upload/sites/nizhgorodov-980e3/versions/0f522faf1ba90646/files/e4d646d41b5ace67eecfd885a06ca29b601cae58025cfec66828ee662a3a8bb0 200
[debug] [2026-06-19T13:54:45.687Z] <<< [apiv2][body] POST https://upload-firebasehosting.googleapis.com/upload/sites/nizhgorodov-980e3/versions/0f522faf1ba90646/files/e4d646d41b5ace67eecfd885a06ca29b601cae58025cfec66828ee662a3a8bb0 [stream]
[debug] [2026-06-19T13:54:45.725Z] <<< [apiv2][status] POST https://upload-firebasehosting.googleapis.com/upload/sites/nizhgorodov-980e3/versions/0f522faf1ba90646/files/d8a50f5ba7008f54dbfb0f153f02dc73bc482765d448daaec51290c58a74503c 200
[debug] [2026-06-19T13:54:45.725Z] <<< [apiv2][body] POST https://upload-firebasehosting.googleapis.com/upload/sites/nizhgorodov-980e3/versions/0f522faf1ba90646/files/d8a50f5ba7008f54dbfb0f153f02dc73bc482765d448daaec51290c58a74503c [stream]
[debug] [2026-06-19T13:54:45.749Z] <<< [apiv2][status] POST https://upload-firebasehosting.googleapis.com/upload/sites/nizhgorodov-980e3/versions/0f522faf1ba90646/files/3145a4cbdc8f4124868d43b7718bf54d193e33cab0196206dfa950772fd5aa1f 200
[debug] [2026-06-19T13:54:45.750Z] <<< [apiv2][body] POST https://upload-firebasehosting.googleapis.com/upload/sites/nizhgorodov-980e3/versions/0f522faf1ba90646/files/3145a4cbdc8f4124868d43b7718bf54d193e33cab0196206dfa950772fd5aa1f [stream]
[debug] [2026-06-19T13:54:45.751Z] <<< [apiv2][status] POST https://upload-firebasehosting.googleapis.com/upload/sites/nizhgorodov-980e3/versions/0f522faf1ba90646/files/1ffeff7f13e1ee28bfb2f0b8e9aed0f5bb449818db4a32b57608e6bcbb7888f1 200
[debug] [2026-06-19T13:54:45.751Z] <<< [apiv2][body] POST https://upload-firebasehosting.googleapis.com/upload/sites/nizhgorodov-980e3/versions/0f522faf1ba90646/files/1ffeff7f13e1ee28bfb2f0b8e9aed0f5bb449818db4a32b57608e6bcbb7888f1 [stream]
[debug] [2026-06-19T13:54:45.781Z] <<< [apiv2][status] POST https://upload-firebasehosting.googleapis.com/upload/sites/nizhgorodov-980e3/versions/0f522faf1ba90646/files/1d3c072c916a0c9443b780ae8763c82e4b8de6a115a28678fd71b9c51456401f 200
[debug] [2026-06-19T13:54:45.782Z] <<< [apiv2][body] POST https://upload-firebasehosting.googleapis.com/upload/sites/nizhgorodov-980e3/versions/0f522faf1ba90646/files/1d3c072c916a0c9443b780ae8763c82e4b8de6a115a28678fd71b9c51456401f [stream]
[debug] [2026-06-19T13:54:45.900Z] <<< [apiv2][status] POST https://upload-firebasehosting.googleapis.com/upload/sites/nizhgorodov-980e3/versions/0f522faf1ba90646/files/95563195fcd5e720ea8e940681a763148ec2e255964abfd6f45d6c4706cf09f6 200
[debug] [2026-06-19T13:54:45.900Z] <<< [apiv2][body] POST https://upload-firebasehosting.googleapis.com/upload/sites/nizhgorodov-980e3/versions/0f522faf1ba90646/files/95563195fcd5e720ea8e940681a763148ec2e255964abfd6f45d6c4706cf09f6 [stream]
[debug] [2026-06-19T13:54:45.931Z] <<< [apiv2][status] POST https://upload-firebasehosting.googleapis.com/upload/sites/nizhgorodov-980e3/versions/0f522faf1ba90646/files/7414c7b1478fc962f71ebb140088d2018993a7e080297b45f212110516b2846c 200
[debug] [2026-06-19T13:54:45.931Z] <<< [apiv2][body] POST https://upload-firebasehosting.googleapis.com/upload/sites/nizhgorodov-980e3/versions/0f522faf1ba90646/files/7414c7b1478fc962f71ebb140088d2018993a7e080297b45f212110516b2846c [stream]
[debug] [2026-06-19T13:54:45.946Z] <<< [apiv2][status] POST https://upload-firebasehosting.googleapis.com/upload/sites/nizhgorodov-980e3/versions/0f522faf1ba90646/files/00b718a14964636a6e4b081f80336b1c0d25c9328c4411182629fec199707449 200
[debug] [2026-06-19T13:54:45.946Z] <<< [apiv2][body] POST https://upload-firebasehosting.googleapis.com/upload/sites/nizhgorodov-980e3/versions/0f522faf1ba90646/files/00b718a14964636a6e4b081f80336b1c0d25c9328c4411182629fec199707449 [stream]
[debug] [2026-06-19T13:54:45.975Z] <<< [apiv2][status] POST https://upload-firebasehosting.googleapis.com/upload/sites/nizhgorodov-980e3/versions/0f522faf1ba90646/files/2401661245cbfd587bc83e021bb7a7bb65d8533a172fe684b37464a3f6e3ceac 200
[debug] [2026-06-19T13:54:45.975Z] <<< [apiv2][body] POST https://upload-firebasehosting.googleapis.com/upload/sites/nizhgorodov-980e3/versions/0f522faf1ba90646/files/2401661245cbfd587bc83e021bb7a7bb65d8533a172fe684b37464a3f6e3ceac [stream]
[debug] [2026-06-19T13:54:45.984Z] <<< [apiv2][status] POST https://upload-firebasehosting.googleapis.com/upload/sites/nizhgorodov-980e3/versions/0f522faf1ba90646/files/5f97ca463f843363b5ee3b6f1590b0edb2a2e7e75efaed2b6d3ae24a24257338 200
[debug] [2026-06-19T13:54:45.984Z] <<< [apiv2][body] POST https://upload-firebasehosting.googleapis.com/upload/sites/nizhgorodov-980e3/versions/0f522faf1ba90646/files/5f97ca463f843363b5ee3b6f1590b0edb2a2e7e75efaed2b6d3ae24a24257338 [stream]
[debug] [2026-06-19T13:54:46.259Z] <<< [apiv2][status] POST https://upload-firebasehosting.googleapis.com/upload/sites/nizhgorodov-980e3/versions/0f522faf1ba90646/files/44ea3f4dcdb0a62f813d55e7026a7a225cf6efadd2f79a40ba239dfd4581b353 200
[debug] [2026-06-19T13:54:46.260Z] <<< [apiv2][body] POST https://upload-firebasehosting.googleapis.com/upload/sites/nizhgorodov-980e3/versions/0f522faf1ba90646/files/44ea3f4dcdb0a62f813d55e7026a7a225cf6efadd2f79a40ba239dfd4581b353 [stream]
[debug] [2026-06-19T13:54:46.423Z] <<< [apiv2][status] POST https://upload-firebasehosting.googleapis.com/upload/sites/nizhgorodov-980e3/versions/0f522faf1ba90646/files/164d7fa689b56ccf0b56b7c30fdb4f1dbc57f2452e8169fd1094b91ce58e420e 200
[debug] [2026-06-19T13:54:46.423Z] <<< [apiv2][body] POST https://upload-firebasehosting.googleapis.com/upload/sites/nizhgorodov-980e3/versions/0f522faf1ba90646/files/164d7fa689b56ccf0b56b7c30fdb4f1dbc57f2452e8169fd1094b91ce58e420e [stream]
[debug] [2026-06-19T13:54:46.520Z] <<< [apiv2][status] POST https://upload-firebasehosting.googleapis.com/upload/sites/nizhgorodov-980e3/versions/0f522faf1ba90646/files/1c2f246cfae002b1d02f01706fbf3006ae16de79d8921a72e6b4e477fa9d72ca 200
[debug] [2026-06-19T13:54:46.520Z] <<< [apiv2][body] POST https://upload-firebasehosting.googleapis.com/upload/sites/nizhgorodov-980e3/versions/0f522faf1ba90646/files/1c2f246cfae002b1d02f01706fbf3006ae16de79d8921a72e6b4e477fa9d72ca [stream]
[debug] [2026-06-19T13:54:46.606Z] <<< [apiv2][status] POST https://upload-firebasehosting.googleapis.com/upload/sites/nizhgorodov-980e3/versions/0f522faf1ba90646/files/141474d63bc638bbc76677149733d5d74161945f1d8cb2a9b7995ba962bff853 200
[debug] [2026-06-19T13:54:46.606Z] <<< [apiv2][body] POST https://upload-firebasehosting.googleapis.com/upload/sites/nizhgorodov-980e3/versions/0f522faf1ba90646/files/141474d63bc638bbc76677149733d5d74161945f1d8cb2a9b7995ba962bff853 [stream]
[debug] [2026-06-19T13:54:46.606Z] [hosting][upload queue][FINAL] {"max":2272,"min":1354,"avg":1684.642857142857,"active":0,"complete":14,"success":14,"errored":0,"retried":0,"total":14,"elapsed":2275}
[info] i  hosting: upload complete 
[info] ✔  hosting[nizhgorodov-980e3]: file upload complete 
[debug] [2026-06-19T13:54:46.607Z] [hosting] deploy completed after 3510ms
[debug] [2026-06-19T13:54:46.607Z] [
  {
    "config": {
      "public": "build",
      "cleanUrls": true,
      "ignore": [
        "firebase.json",
        "**/.*",
        "**/node_modules/**"
      ],
      "site": "nizhgorodov-980e3"
    },
    "version": "projects/249283010080/sites/nizhgorodov-980e3/versions/0f522faf1ba90646"
  }
]
[info] i  hosting[nizhgorodov-980e3]: finalizing version... 
[debug] [2026-06-19T13:54:46.608Z] Checked if tokens are valid: true, expires at: 1781879972894
[debug] [2026-06-19T13:54:46.608Z] Checked if tokens are valid: true, expires at: 1781879972894
[debug] [2026-06-19T13:54:46.609Z] >>> [apiv2][query] PATCH https://firebasehosting.googleapis.com/v1beta1/projects/-/sites/nizhgorodov-980e3/versions/0f522faf1ba90646 updateMask=status%2Cconfig
[debug] [2026-06-19T13:54:46.609Z] >>> [apiv2][body] PATCH https://firebasehosting.googleapis.com/v1beta1/projects/-/sites/nizhgorodov-980e3/versions/0f522faf1ba90646 {"status":"FINALIZED","config":{"cleanUrls":true}}
[debug] [2026-06-19T13:54:48.201Z] <<< [apiv2][status] PATCH https://firebasehosting.googleapis.com/v1beta1/projects/-/sites/nizhgorodov-980e3/versions/0f522faf1ba90646 200
[debug] [2026-06-19T13:54:48.202Z] <<< [apiv2][body] PATCH https://firebasehosting.googleapis.com/v1beta1/projects/-/sites/nizhgorodov-980e3/versions/0f522faf1ba90646 {"name":"projects/249283010080/sites/nizhgorodov-980e3/versions/0f522faf1ba90646","status":"FINALIZED","config":{"cleanUrls":true},"labels":{"deployment-tool":"cli-firebase"},"createTime":"2026-06-19T13:53:42.996060Z","createUser":{"email":"8900800700a@gmail.com"},"finalizeTime":"2026-06-19T13:54:47.815864Z","finalizeUser":{"email":"8900800700a@gmail.com"}}
[debug] [2026-06-19T13:54:48.202Z] [hosting] finalized version for nizhgorodov-980e3:[object Object]
[info] ✔  hosting[nizhgorodov-980e3]: version finalized 
[info] i  hosting[nizhgorodov-980e3]: releasing new version... 
[debug] [2026-06-19T13:54:48.202Z] Checked if tokens are valid: true, expires at: 1781879972894
[debug] [2026-06-19T13:54:48.202Z] Checked if tokens are valid: true, expires at: 1781879972894
[debug] [2026-06-19T13:54:48.202Z] >>> [apiv2][query] POST https://firebasehosting.googleapis.com/v1beta1/projects/-/sites/nizhgorodov-980e3/channels/live/releases versionName=projects%2F249283010080%2Fsites%2Fnizhgorodov-980e3%2Fversions%2F0f522faf1ba90646
[debug] [2026-06-19T13:54:48.202Z] >>> [apiv2][body] POST https://firebasehosting.googleapis.com/v1beta1/projects/-/sites/nizhgorodov-980e3/channels/live/releases {}
[debug] [2026-06-19T13:54:50.284Z] <<< [apiv2][status] POST https://firebasehosting.googleapis.com/v1beta1/projects/-/sites/nizhgorodov-980e3/channels/live/releases 200
[debug] [2026-06-19T13:54:50.284Z] <<< [apiv2][body] POST https://firebasehosting.googleapis.com/v1beta1/projects/-/sites/nizhgorodov-980e3/channels/live/releases {"name":"projects/249283010080/sites/nizhgorodov-980e3/channels/live/releases/1781877289191000","version":{"name":"projects/249283010080/sites/nizhgorodov-980e3/versions/0f522faf1ba90646","status":"FINALIZED","config":{"cleanUrls":true},"labels":{"deployment-tool":"cli-firebase"},"createTime":"2026-06-19T13:53:42.996060Z","createUser":{"email":"8900800700a@gmail.com","imageUrl":"https://lh3.googleusercontent.com/a/ACg8ocL_atsCL6wFE296dBchzV5cZaKTqVlSDOvpAgDzQ1bDpEjiudRv"},"finalizeTime":"2026-06-19T13:54:47.815864Z","finalizeUser":{"email":"8900800700a@gmail.com","imageUrl":"https://lh3.googleusercontent.com/a/ACg8ocL_atsCL6wFE296dBchzV5cZaKTqVlSDOvpAgDzQ1bDpEjiudRv"}},"type":"DEPLOY","releaseTime":"2026-06-19T13:54:49.191Z","releaseUser":{"email":"8900800700a@gmail.com","imageUrl":"https://lh3.googleusercontent.com/a/ACg8ocL_atsCL6wFE296dBchzV5cZaKTqVlSDOvpAgDzQ1bDpEjiudRv"}}
[debug] [2026-06-19T13:54:50.284Z] [hosting] release: {"name":"projects/249283010080/sites/nizhgorodov-980e3/channels/live/releases/1781877289191000","version":{"name":"projects/249283010080/sites/nizhgorodov-980e3/versions/0f522faf1ba90646","status":"FINALIZED","config":{"cleanUrls":true},"labels":{"deployment-tool":"cli-firebase"},"createTime":"2026-06-19T13:53:42.996060Z","createUser":{"email":"8900800700a@gmail.com","imageUrl":"https://lh3.googleusercontent.com/a/ACg8ocL_atsCL6wFE296dBchzV5cZaKTqVlSDOvpAgDzQ1bDpEjiudRv"},"finalizeTime":"2026-06-19T13:54:47.815864Z","finalizeUser":{"email":"8900800700a@gmail.com","imageUrl":"https://lh3.googleusercontent.com/a/ACg8ocL_atsCL6wFE296dBchzV5cZaKTqVlSDOvpAgDzQ1bDpEjiudRv"}},"type":"DEPLOY","releaseTime":"2026-06-19T13:54:49.191Z","releaseUser":{"email":"8900800700a@gmail.com","imageUrl":"https://lh3.googleusercontent.com/a/ACg8ocL_atsCL6wFE296dBchzV5cZaKTqVlSDOvpAgDzQ1bDpEjiudRv"}}
[info] ✔  hosting[nizhgorodov-980e3]: release complete 
[info] 
[info] ✔  Deploy complete! 
[info] 
[info] Project Console: https://console.firebase.google.com/project/nizhgorodov-980e3/overview
[info] Hosting URL: https://nizhgorodov-980e3.web.app
[debug] [2026-06-19T13:55:00.295Z] Error: Timed out.
    at Timeout._onTimeout (/opt/homebrew/lib/node_modules/firebase-tools/lib/utils.js:308:49)
    at listOnTimeout (node:internal/timers:605:17)
    at process.processTimers (node:internal/timers:541:7)
[error] 
[error] Error: An unexpected error has occurred.
[debug] [2026-06-19T13:55:37.504Z] ----------------------------------------------------------------------
[debug] [2026-06-19T13:55:37.505Z] Command:       /opt/homebrew/Cellar/node/25.2.1/bin/node /opt/homebrew/bin/firebase deploy --only hosting --project nizhgorodov-980e3 --non-interactive
[debug] [2026-06-19T13:55:37.505Z] CLI Version:   15.7.0
[debug] [2026-06-19T13:55:37.505Z] Platform:      darwin
[debug] [2026-06-19T13:55:37.506Z] Node Version:  v25.2.1
[debug] [2026-06-19T13:55:37.506Z] Time:          Fri Jun 19 2026 16:55:37 GMT+0300 (Moscow Standard Time)
[debug] [2026-06-19T13:55:37.506Z] ----------------------------------------------------------------------
[debug] 
[debug] [2026-06-19T13:55:38.001Z] > command requires scopes: ["email","openid","https://www.googleapis.com/auth/cloudplatformprojects.readonly","https://www.googleapis.com/auth/firebase","https://www.googleapis.com/auth/cloud-platform"]
[debug] [2026-06-19T13:55:38.001Z] > authorizing via signed-in user (8900800700a@gmail.com)
[debug] [2026-06-19T13:55:38.001Z] [iam] checking project nizhgorodov-980e3 for permissions ["firebase.projects.get","firebasehosting.sites.update"]
[debug] [2026-06-19T13:55:38.001Z] Checked if tokens are valid: true, expires at: 1781879972894
[debug] [2026-06-19T13:55:38.001Z] Checked if tokens are valid: true, expires at: 1781879972894
[debug] [2026-06-19T13:55:38.002Z] >>> [apiv2][query] POST https://cloudresourcemanager.googleapis.com/v1/projects/nizhgorodov-980e3:testIamPermissions [none]
[debug] [2026-06-19T13:55:38.002Z] >>> [apiv2][(partial)header] POST https://cloudresourcemanager.googleapis.com/v1/projects/nizhgorodov-980e3:testIamPermissions  x-goog-user-project=nizhgorodov-980e3
[debug] [2026-06-19T13:55:38.002Z] >>> [apiv2][body] POST https://cloudresourcemanager.googleapis.com/v1/projects/nizhgorodov-980e3:testIamPermissions {"permissions":["firebase.projects.get","firebasehosting.sites.update"]}
[debug] [2026-06-19T13:55:38.389Z] <<< [apiv2][status] POST https://cloudresourcemanager.googleapis.com/v1/projects/nizhgorodov-980e3:testIamPermissions 200
[debug] [2026-06-19T13:55:38.389Z] <<< [apiv2][body] POST https://cloudresourcemanager.googleapis.com/v1/projects/nizhgorodov-980e3:testIamPermissions {"permissions":["firebase.projects.get","firebasehosting.sites.update"]}
[debug] [2026-06-19T13:55:38.390Z] Checked if tokens are valid: true, expires at: 1781879972894
[debug] [2026-06-19T13:55:38.390Z] Checked if tokens are valid: true, expires at: 1781879972894
[debug] [2026-06-19T13:55:38.390Z] >>> [apiv2][query] GET https://firebase.googleapis.com/v1beta1/projects/nizhgorodov-980e3 [none]
[debug] [2026-06-19T13:55:44.099Z] <<< [apiv2][status] GET https://firebase.googleapis.com/v1beta1/projects/nizhgorodov-980e3 200
[debug] [2026-06-19T13:55:44.099Z] <<< [apiv2][body] GET https://firebase.googleapis.com/v1beta1/projects/nizhgorodov-980e3 {"projectId":"nizhgorodov-980e3","projectNumber":"249283010080","displayName":"nizhgorodov","name":"projects/nizhgorodov-980e3","resources":{"hostingSite":"nizhgorodov-980e3"},"state":"ACTIVE","etag":"1_bac89f22-5c13-4f38-9160-2f12bc9431ec"}
[info] 
[info] === Deploying to 'nizhgorodov-980e3'...
[info] 
[info] i  deploying hosting 
[debug] [2026-06-19T13:55:44.103Z] Checked if tokens are valid: true, expires at: 1781879972894
[debug] [2026-06-19T13:55:44.104Z] Checked if tokens are valid: true, expires at: 1781879972894
[debug] [2026-06-19T13:55:44.104Z] >>> [apiv2][query] POST https://firebasehosting.googleapis.com/v1beta1/projects/-/sites/nizhgorodov-980e3/versions [none]
[debug] [2026-06-19T13:55:44.104Z] >>> [apiv2][body] POST https://firebasehosting.googleapis.com/v1beta1/projects/-/sites/nizhgorodov-980e3/versions {"status":"CREATED","labels":{"deployment-tool":"cli-firebase"}}
[debug] [2026-06-19T13:55:45.745Z] <<< [apiv2][status] POST https://firebasehosting.googleapis.com/v1beta1/projects/-/sites/nizhgorodov-980e3/versions 200
[debug] [2026-06-19T13:55:45.745Z] <<< [apiv2][body] POST https://firebasehosting.googleapis.com/v1beta1/projects/-/sites/nizhgorodov-980e3/versions {"name":"projects/249283010080/sites/nizhgorodov-980e3/versions/51646dbffa038de0","status":"CREATED","config":{},"labels":{"deployment-tool":"cli-firebase"}}
[info] i  hosting[nizhgorodov-980e3]: beginning deploy... 
[info] i  hosting[nizhgorodov-980e3]: found 37 files in build 
[debug] [2026-06-19T13:56:45.157Z] [hosting] uploading with 200 concurrency
[debug] [2026-06-19T13:56:45.180Z] Checked if tokens are valid: true, expires at: 1781879972894
[debug] [2026-06-19T13:56:45.180Z] Checked if tokens are valid: true, expires at: 1781879972894
[debug] [2026-06-19T13:56:45.181Z] [hosting] hash cache [YnVpbGQ] stored for 37 files
[debug] [2026-06-19T13:56:45.181Z] [hosting][hash queue][FINAL] {"max":19,"min":11,"avg":12.91891891891892,"active":0,"complete":37,"success":37,"errored":0,"retried":0,"total":37,"elapsed":22}
[debug] [2026-06-19T13:56:45.182Z] >>> [apiv2][query] POST https://firebasehosting.googleapis.com/v1beta1/projects/249283010080/sites/nizhgorodov-980e3/versions/51646dbffa038de0:populateFiles [none]
[debug] [2026-06-19T13:56:45.182Z] >>> [apiv2][body] POST https://firebasehosting.googleapis.com/v1beta1/projects/249283010080/sites/nizhgorodov-980e3/versions/51646dbffa038de0:populateFiles {"files":{"/sitemap.xml":"f0a957a7fa1d37bc39f58098f8471787ba219d45dbf5f8b1c09bb9598fab7b72","/robots.txt":"15ebd5eee987a7f1469e112cc57715051a3f94fb368fd1deb3fdde37dbead0db","/favicon.svg":"5d87b9a98aa1af4b6e0142691fb92d2134b02308438d571624b77dd291ad5ba8","/en.html":"5d06f17fb489fc25f40b3aefb8f847bb6c3870532c6d688fec3c6ec7f809df9a","/logo/yandex.svg":"73b2a6d464bff5f562a81d068acd5fec30a5894baf4ff5f018166494e3348780","/logo/edya.svg":"b4d0b1000530f2062b459e4b9a6e114ca84095166ac4d5bc59dfff4a71ecf5b6","/ru.html":"7bb5968677fd158b544c4434efe5881307d55a322b4c6ae1b5fe31a08680c761","/_app/version.json":"90edc5a27a2a3e01b6080466a52d3ac72d8ccea88e4fc9a544d5dc844c9fb036","/_app/immutable/nodes/4.B_8Wx6nj.js":"e889583abdd96b9073e222b05363a3154c77faff3e46b795168c7afbe209add7","/logo/perfema.svg":"c70e76bf36b5a6b7916a091635477bce98665ab0c3041f8ac7fe9ea4525ce3b7","/_app/env.js":"b6422bbd2a0c5c86bc11dd510c32c124689f1abbb2498ede068c8222cf6cf07b","/_app/immutable/nodes/2.4RefDr-O.js":"0eb6edc9fe1ad011cfed8b4b9e07503062f5bf2e9e77907af597fb68c34d97e9","/_app/immutable/nodes/3.Dt2OlB1I.js":"d1105b309d0a13d02b83fece69b03998e4f22e28beb8600b737ea66c885dd1ae","/_app/immutable/entry/start.BeGdm8d5.js":"777782158365fe5ded055955f8bff8b39ad75e4a427c68e64cfdecc0276bc66f","/_app/immutable/nodes/1.C9EWMBUr.js":"8c59d6b8d8cf885965902a4560744ad4458198499ac5c9982d2bb20b9cbee20e","/_app/immutable/chunks/obVeejdx.js":"bb1631e1eff6e75ce7690f9e86872631db661b022bebfdc84123826101f5c3a0","/_app/immutable/entry/app.C64siEZw.js":"d4608d37b060a542981dd185fc21105597d3f1fa4c1e5b647427d86e270c9001","/_app/immutable/nodes/0.R8foFDFe.js":"373e7f5e3a52e076446f06c3892413593f8a041e6fff9391245df4de6fd7eb82","/_app/immutable/chunks/Dxaj-fIP.js":"9d6b18b51df520864e0fb7fe66eb7a4fa17ecb8e9c695fd2671f63dfc7be2864","/edu/hse.svg":"3616db159c4297adf63984895acf0b8d6c7de0e23dcbb61e9342d5643c55c1d2","/index.html":"12ad41270ecfc8fd57b050eb0d3c6db866d91dd6d01c7669c9298d4efa9832a8","/_app/immutable/chunks/DBewB76Q.js":"874fcd093979dd8dab67ff2615f48f8c267f882ac39ea16d1061fd764874f779","/_app/immutable/chunks/D01C4JX9.js":"500d777e7147a3b5721bc4e0a9f914704ecd3a3ea0e4fd751f8c97b2495c3379","/_app/immutable/chunks/DlSTxH-B.js":"328845ff11617ac9ac4cf712d70a5843b954d4021760d1b2b49f9ab021533dfb","/_app/immutable/chunks/B3TgCwa8.js":"992b34bcf0b7bffa7f7c6d57989cfa660a5ef9320576edc747cd91da8e4d5da4","/_app/immutable/chunks/Dpl8FPj4.js":"e3271d9888faf1ad743866fa2cba18d9bf687229fa1ba52d21d1feec2f74090b","/_app/immutable/assets/0.DwmJy8FY.css":"e434e2d127f74b03ac9b0dd2df1ed961d7a4fd7143d50afa13ff89cba7576973","/_app/immutable/chunks/Ds3gfxS-.js":"3983e61446011c303371182ab266176955d75bce671f214374d4e92e1e3fb042","/_app/immutable/chunks/D-GU6gwO.js":"085e92f8be1de1e185503a34d5af451045900d556f88332790ed3bd324c65075","/_app/immutable/chunks/CsPfWyyi.js":"631e6cebf1db8f312282cbb75063fbf9744164f65a25ab8469a566d09c9a325b","/og.png":"20e3ff7d7b9a62cb4e8a5b759f9de9c1aa9fc28d889aedfefe566a5e619a57da","/og-en.png":"96030b98dec44474932ec3f2025104bc0be993d9c5c4cd5bf42bffbd4b3f6171","/edu/misis.png":"8dfbf865cc6f44ce3230afd34298d033edaea63c0b81e9cf9db4807607b75e03","/photo-2.jpg":"6c09a7dd27f85dcd21c883643a87186fd0ad7004bc2e0c1ff78d61c345ad6e3e","/photo-3.jpg":"128adaa4e24a4ef6f1aee4f0c7c177a04142290d7ed5b4fbb3fbd1ac290205c1","/photo-1.jpg":"98bec2a7adc2cb497cee250b2264cd0675e5ffaad135d3cf3bf62a6d19f0730d","/avatar.jpg":"98bec2a7adc2cb497cee250b2264cd0675e5ffaad135d3cf3bf62a6d19f0730d"}}
[debug] [2026-06-19T13:56:46.323Z] <<< [apiv2][status] POST https://firebasehosting.googleapis.com/v1beta1/projects/249283010080/sites/nizhgorodov-980e3/versions/51646dbffa038de0:populateFiles 200
[debug] [2026-06-19T13:56:46.323Z] <<< [apiv2][body] POST https://firebasehosting.googleapis.com/v1beta1/projects/249283010080/sites/nizhgorodov-980e3/versions/51646dbffa038de0:populateFiles {"uploadRequiredHashes":["3983e61446011c303371182ab266176955d75bce671f214374d4e92e1e3fb042","631e6cebf1db8f312282cbb75063fbf9744164f65a25ab8469a566d09c9a325b","90edc5a27a2a3e01b6080466a52d3ac72d8ccea88e4fc9a544d5dc844c9fb036","d4608d37b060a542981dd185fc21105597d3f1fa4c1e5b647427d86e270c9001","5d06f17fb489fc25f40b3aefb8f847bb6c3870532c6d688fec3c6ec7f809df9a","373e7f5e3a52e076446f06c3892413593f8a041e6fff9391245df4de6fd7eb82","7bb5968677fd158b544c4434efe5881307d55a322b4c6ae1b5fe31a08680c761","d1105b309d0a13d02b83fece69b03998e4f22e28beb8600b737ea66c885dd1ae","777782158365fe5ded055955f8bff8b39ad75e4a427c68e64cfdecc0276bc66f","0eb6edc9fe1ad011cfed8b4b9e07503062f5bf2e9e77907af597fb68c34d97e9","12ad41270ecfc8fd57b050eb0d3c6db866d91dd6d01c7669c9298d4efa9832a8","e3271d9888faf1ad743866fa2cba18d9bf687229fa1ba52d21d1feec2f74090b","e889583abdd96b9073e222b05363a3154c77faff3e46b795168c7afbe209add7","8c59d6b8d8cf885965902a4560744ad4458198499ac5c9982d2bb20b9cbee20e"],"uploadUrl":"https://upload-firebasehosting.googleapis.com/upload/sites/nizhgorodov-980e3/versions/51646dbffa038de0/files"}
[debug] [2026-06-19T13:56:46.324Z] Checked if tokens are valid: true, expires at: 1781879972894
[debug] [2026-06-19T13:56:46.324Z] Checked if tokens are valid: true, expires at: 1781879972894
[debug] [2026-06-19T13:56:46.324Z] Checked if tokens are valid: true, expires at: 1781879972894
[debug] [2026-06-19T13:56:46.324Z] Checked if tokens are valid: true, expires at: 1781879972894
[debug] [2026-06-19T13:56:46.324Z] Checked if tokens are valid: true, expires at: 1781879972894
[debug] [2026-06-19T13:56:46.324Z] Checked if tokens are valid: true, expires at: 1781879972894
[debug] [2026-06-19T13:56:46.324Z] Checked if tokens are valid: true, expires at: 1781879972894
[debug] [2026-06-19T13:56:46.324Z] Checked if tokens are valid: true, expires at: 1781879972894
[debug] [2026-06-19T13:56:46.324Z] Checked if tokens are valid: true, expires at: 1781879972894
[debug] [2026-06-19T13:56:46.324Z] Checked if tokens are valid: true, expires at: 1781879972894
[debug] [2026-06-19T13:56:46.324Z] Checked if tokens are valid: true, expires at: 1781879972894
[debug] [2026-06-19T13:56:46.324Z] Checked if tokens are valid: true, expires at: 1781879972894
[debug] [2026-06-19T13:56:46.324Z] Checked if tokens are valid: true, expires at: 1781879972894
[debug] [2026-06-19T13:56:46.324Z] Checked if tokens are valid: true, expires at: 1781879972894
[debug] [2026-06-19T13:56:46.324Z] Checked if tokens are valid: true, expires at: 1781879972894
[debug] [2026-06-19T13:56:46.324Z] Checked if tokens are valid: true, expires at: 1781879972894
[debug] [2026-06-19T13:56:46.325Z] Checked if tokens are valid: true, expires at: 1781879972894
[debug] [2026-06-19T13:56:46.325Z] Checked if tokens are valid: true, expires at: 1781879972894
[debug] [2026-06-19T13:56:46.325Z] Checked if tokens are valid: true, expires at: 1781879972894
[debug] [2026-06-19T13:56:46.325Z] Checked if tokens are valid: true, expires at: 1781879972894
[debug] [2026-06-19T13:56:46.325Z] Checked if tokens are valid: true, expires at: 1781879972894
[debug] [2026-06-19T13:56:46.325Z] Checked if tokens are valid: true, expires at: 1781879972894
[debug] [2026-06-19T13:56:46.325Z] Checked if tokens are valid: true, expires at: 1781879972894
[debug] [2026-06-19T13:56:46.325Z] Checked if tokens are valid: true, expires at: 1781879972894
[debug] [2026-06-19T13:56:46.325Z] Checked if tokens are valid: true, expires at: 1781879972894
[debug] [2026-06-19T13:56:46.325Z] Checked if tokens are valid: true, expires at: 1781879972894
[debug] [2026-06-19T13:56:46.325Z] Checked if tokens are valid: true, expires at: 1781879972894
[debug] [2026-06-19T13:56:46.325Z] Checked if tokens are valid: true, expires at: 1781879972894
[debug] [2026-06-19T13:56:46.325Z] >>> [apiv2][query] POST https://upload-firebasehosting.googleapis.com/upload/sites/nizhgorodov-980e3/versions/51646dbffa038de0/files/3983e61446011c303371182ab266176955d75bce671f214374d4e92e1e3fb042 [none]
[debug] [2026-06-19T13:56:46.325Z] >>> [apiv2][body] POST https://upload-firebasehosting.googleapis.com/upload/sites/nizhgorodov-980e3/versions/51646dbffa038de0/files/3983e61446011c303371182ab266176955d75bce671f214374d4e92e1e3fb042 [stream]
[debug] [2026-06-19T13:56:46.326Z] >>> [apiv2][query] POST https://upload-firebasehosting.googleapis.com/upload/sites/nizhgorodov-980e3/versions/51646dbffa038de0/files/631e6cebf1db8f312282cbb75063fbf9744164f65a25ab8469a566d09c9a325b [none]
[debug] [2026-06-19T13:56:46.326Z] >>> [apiv2][body] POST https://upload-firebasehosting.googleapis.com/upload/sites/nizhgorodov-980e3/versions/51646dbffa038de0/files/631e6cebf1db8f312282cbb75063fbf9744164f65a25ab8469a566d09c9a325b [stream]
[debug] [2026-06-19T13:56:46.328Z] >>> [apiv2][query] POST https://upload-firebasehosting.googleapis.com/upload/sites/nizhgorodov-980e3/versions/51646dbffa038de0/files/90edc5a27a2a3e01b6080466a52d3ac72d8ccea88e4fc9a544d5dc844c9fb036 [none]
[debug] [2026-06-19T13:56:46.328Z] >>> [apiv2][body] POST https://upload-firebasehosting.googleapis.com/upload/sites/nizhgorodov-980e3/versions/51646dbffa038de0/files/90edc5a27a2a3e01b6080466a52d3ac72d8ccea88e4fc9a544d5dc844c9fb036 [stream]
[debug] [2026-06-19T13:56:46.329Z] >>> [apiv2][query] POST https://upload-firebasehosting.googleapis.com/upload/sites/nizhgorodov-980e3/versions/51646dbffa038de0/files/d4608d37b060a542981dd185fc21105597d3f1fa4c1e5b647427d86e270c9001 [none]
[debug] [2026-06-19T13:56:46.329Z] >>> [apiv2][body] POST https://upload-firebasehosting.googleapis.com/upload/sites/nizhgorodov-980e3/versions/51646dbffa038de0/files/d4608d37b060a542981dd185fc21105597d3f1fa4c1e5b647427d86e270c9001 [stream]
[debug] [2026-06-19T13:56:46.330Z] >>> [apiv2][query] POST https://upload-firebasehosting.googleapis.com/upload/sites/nizhgorodov-980e3/versions/51646dbffa038de0/files/5d06f17fb489fc25f40b3aefb8f847bb6c3870532c6d688fec3c6ec7f809df9a [none]
[debug] [2026-06-19T13:56:46.330Z] >>> [apiv2][body] POST https://upload-firebasehosting.googleapis.com/upload/sites/nizhgorodov-980e3/versions/51646dbffa038de0/files/5d06f17fb489fc25f40b3aefb8f847bb6c3870532c6d688fec3c6ec7f809df9a [stream]
[debug] [2026-06-19T13:56:46.331Z] >>> [apiv2][query] POST https://upload-firebasehosting.googleapis.com/upload/sites/nizhgorodov-980e3/versions/51646dbffa038de0/files/373e7f5e3a52e076446f06c3892413593f8a041e6fff9391245df4de6fd7eb82 [none]
[debug] [2026-06-19T13:56:46.331Z] >>> [apiv2][body] POST https://upload-firebasehosting.googleapis.com/upload/sites/nizhgorodov-980e3/versions/51646dbffa038de0/files/373e7f5e3a52e076446f06c3892413593f8a041e6fff9391245df4de6fd7eb82 [stream]
[debug] [2026-06-19T13:56:46.332Z] >>> [apiv2][query] POST https://upload-firebasehosting.googleapis.com/upload/sites/nizhgorodov-980e3/versions/51646dbffa038de0/files/7bb5968677fd158b544c4434efe5881307d55a322b4c6ae1b5fe31a08680c761 [none]
[debug] [2026-06-19T13:56:46.332Z] >>> [apiv2][body] POST https://upload-firebasehosting.googleapis.com/upload/sites/nizhgorodov-980e3/versions/51646dbffa038de0/files/7bb5968677fd158b544c4434efe5881307d55a322b4c6ae1b5fe31a08680c761 [stream]
[debug] [2026-06-19T13:56:46.332Z] >>> [apiv2][query] POST https://upload-firebasehosting.googleapis.com/upload/sites/nizhgorodov-980e3/versions/51646dbffa038de0/files/d1105b309d0a13d02b83fece69b03998e4f22e28beb8600b737ea66c885dd1ae [none]
[debug] [2026-06-19T13:56:46.332Z] >>> [apiv2][body] POST https://upload-firebasehosting.googleapis.com/upload/sites/nizhgorodov-980e3/versions/51646dbffa038de0/files/d1105b309d0a13d02b83fece69b03998e4f22e28beb8600b737ea66c885dd1ae [stream]
[debug] [2026-06-19T13:56:46.333Z] >>> [apiv2][query] POST https://upload-firebasehosting.googleapis.com/upload/sites/nizhgorodov-980e3/versions/51646dbffa038de0/files/777782158365fe5ded055955f8bff8b39ad75e4a427c68e64cfdecc0276bc66f [none]
[debug] [2026-06-19T13:56:46.333Z] >>> [apiv2][body] POST https://upload-firebasehosting.googleapis.com/upload/sites/nizhgorodov-980e3/versions/51646dbffa038de0/files/777782158365fe5ded055955f8bff8b39ad75e4a427c68e64cfdecc0276bc66f [stream]
[debug] [2026-06-19T13:56:46.333Z] >>> [apiv2][query] POST https://upload-firebasehosting.googleapis.com/upload/sites/nizhgorodov-980e3/versions/51646dbffa038de0/files/0eb6edc9fe1ad011cfed8b4b9e07503062f5bf2e9e77907af597fb68c34d97e9 [none]
[debug] [2026-06-19T13:56:46.333Z] >>> [apiv2][body] POST https://upload-firebasehosting.googleapis.com/upload/sites/nizhgorodov-980e3/versions/51646dbffa038de0/files/0eb6edc9fe1ad011cfed8b4b9e07503062f5bf2e9e77907af597fb68c34d97e9 [stream]
[debug] [2026-06-19T13:56:46.334Z] >>> [apiv2][query] POST https://upload-firebasehosting.googleapis.com/upload/sites/nizhgorodov-980e3/versions/51646dbffa038de0/files/12ad41270ecfc8fd57b050eb0d3c6db866d91dd6d01c7669c9298d4efa9832a8 [none]
[debug] [2026-06-19T13:56:46.334Z] >>> [apiv2][body] POST https://upload-firebasehosting.googleapis.com/upload/sites/nizhgorodov-980e3/versions/51646dbffa038de0/files/12ad41270ecfc8fd57b050eb0d3c6db866d91dd6d01c7669c9298d4efa9832a8 [stream]
[debug] [2026-06-19T13:56:46.334Z] >>> [apiv2][query] POST https://upload-firebasehosting.googleapis.com/upload/sites/nizhgorodov-980e3/versions/51646dbffa038de0/files/e3271d9888faf1ad743866fa2cba18d9bf687229fa1ba52d21d1feec2f74090b [none]
[debug] [2026-06-19T13:56:46.335Z] >>> [apiv2][body] POST https://upload-firebasehosting.googleapis.com/upload/sites/nizhgorodov-980e3/versions/51646dbffa038de0/files/e3271d9888faf1ad743866fa2cba18d9bf687229fa1ba52d21d1feec2f74090b [stream]
[debug] [2026-06-19T13:56:46.335Z] >>> [apiv2][query] POST https://upload-firebasehosting.googleapis.com/upload/sites/nizhgorodov-980e3/versions/51646dbffa038de0/files/e889583abdd96b9073e222b05363a3154c77faff3e46b795168c7afbe209add7 [none]
[debug] [2026-06-19T13:56:46.335Z] >>> [apiv2][body] POST https://upload-firebasehosting.googleapis.com/upload/sites/nizhgorodov-980e3/versions/51646dbffa038de0/files/e889583abdd96b9073e222b05363a3154c77faff3e46b795168c7afbe209add7 [stream]
[debug] [2026-06-19T13:56:46.335Z] >>> [apiv2][query] POST https://upload-firebasehosting.googleapis.com/upload/sites/nizhgorodov-980e3/versions/51646dbffa038de0/files/8c59d6b8d8cf885965902a4560744ad4458198499ac5c9982d2bb20b9cbee20e [none]
[debug] [2026-06-19T13:56:46.336Z] >>> [apiv2][body] POST https://upload-firebasehosting.googleapis.com/upload/sites/nizhgorodov-980e3/versions/51646dbffa038de0/files/8c59d6b8d8cf885965902a4560744ad4458198499ac5c9982d2bb20b9cbee20e [stream]
[debug] [2026-06-19T13:56:46.336Z] [hosting][populate queue][FINAL] {"max":1145,"min":1145,"avg":1145,"active":0,"complete":1,"success":1,"errored":0,"retried":0,"total":1,"elapsed":1156}
[debug] [2026-06-19T13:56:46.336Z] [hosting] uploads queued: 14
[info] i  hosting: uploading new files [0/14] (0%) 
[info] i  hosting: uploading new files [0/14] (0%) 
[info] i  hosting: uploading new files [0/14] (0%) 
[debug] [2026-06-19T13:56:52.670Z] <<< [apiv2][status] POST https://upload-firebasehosting.googleapis.com/upload/sites/nizhgorodov-980e3/versions/51646dbffa038de0/files/8c59d6b8d8cf885965902a4560744ad4458198499ac5c9982d2bb20b9cbee20e 200
[debug] [2026-06-19T13:56:52.670Z] <<< [apiv2][body] POST https://upload-firebasehosting.googleapis.com/upload/sites/nizhgorodov-980e3/versions/51646dbffa038de0/files/8c59d6b8d8cf885965902a4560744ad4458198499ac5c9982d2bb20b9cbee20e [stream]
[debug] [2026-06-19T13:56:52.677Z] <<< [apiv2][status] POST https://upload-firebasehosting.googleapis.com/upload/sites/nizhgorodov-980e3/versions/51646dbffa038de0/files/373e7f5e3a52e076446f06c3892413593f8a041e6fff9391245df4de6fd7eb82 200
[debug] [2026-06-19T13:56:52.677Z] <<< [apiv2][body] POST https://upload-firebasehosting.googleapis.com/upload/sites/nizhgorodov-980e3/versions/51646dbffa038de0/files/373e7f5e3a52e076446f06c3892413593f8a041e6fff9391245df4de6fd7eb82 [stream]
[debug] [2026-06-19T13:56:52.777Z] <<< [apiv2][status] POST https://upload-firebasehosting.googleapis.com/upload/sites/nizhgorodov-980e3/versions/51646dbffa038de0/files/d1105b309d0a13d02b83fece69b03998e4f22e28beb8600b737ea66c885dd1ae 200
[debug] [2026-06-19T13:56:52.777Z] <<< [apiv2][body] POST https://upload-firebasehosting.googleapis.com/upload/sites/nizhgorodov-980e3/versions/51646dbffa038de0/files/d1105b309d0a13d02b83fece69b03998e4f22e28beb8600b737ea66c885dd1ae [stream]
[debug] [2026-06-19T13:56:52.800Z] <<< [apiv2][status] POST https://upload-firebasehosting.googleapis.com/upload/sites/nizhgorodov-980e3/versions/51646dbffa038de0/files/5d06f17fb489fc25f40b3aefb8f847bb6c3870532c6d688fec3c6ec7f809df9a 200
[debug] [2026-06-19T13:56:52.801Z] <<< [apiv2][body] POST https://upload-firebasehosting.googleapis.com/upload/sites/nizhgorodov-980e3/versions/51646dbffa038de0/files/5d06f17fb489fc25f40b3aefb8f847bb6c3870532c6d688fec3c6ec7f809df9a [stream]
[debug] [2026-06-19T13:56:52.829Z] <<< [apiv2][status] POST https://upload-firebasehosting.googleapis.com/upload/sites/nizhgorodov-980e3/versions/51646dbffa038de0/files/d4608d37b060a542981dd185fc21105597d3f1fa4c1e5b647427d86e270c9001 200
[debug] [2026-06-19T13:56:52.829Z] <<< [apiv2][body] POST https://upload-firebasehosting.googleapis.com/upload/sites/nizhgorodov-980e3/versions/51646dbffa038de0/files/d4608d37b060a542981dd185fc21105597d3f1fa4c1e5b647427d86e270c9001 [stream]
[debug] [2026-06-19T13:56:52.830Z] <<< [apiv2][status] POST https://upload-firebasehosting.googleapis.com/upload/sites/nizhgorodov-980e3/versions/51646dbffa038de0/files/12ad41270ecfc8fd57b050eb0d3c6db866d91dd6d01c7669c9298d4efa9832a8 200
[debug] [2026-06-19T13:56:52.830Z] <<< [apiv2][body] POST https://upload-firebasehosting.googleapis.com/upload/sites/nizhgorodov-980e3/versions/51646dbffa038de0/files/12ad41270ecfc8fd57b050eb0d3c6db866d91dd6d01c7669c9298d4efa9832a8 [stream]
[debug] [2026-06-19T13:56:52.880Z] <<< [apiv2][status] POST https://upload-firebasehosting.googleapis.com/upload/sites/nizhgorodov-980e3/versions/51646dbffa038de0/files/631e6cebf1db8f312282cbb75063fbf9744164f65a25ab8469a566d09c9a325b 200
[debug] [2026-06-19T13:56:52.880Z] <<< [apiv2][body] POST https://upload-firebasehosting.googleapis.com/upload/sites/nizhgorodov-980e3/versions/51646dbffa038de0/files/631e6cebf1db8f312282cbb75063fbf9744164f65a25ab8469a566d09c9a325b [stream]
[debug] [2026-06-19T13:56:52.883Z] <<< [apiv2][status] POST https://upload-firebasehosting.googleapis.com/upload/sites/nizhgorodov-980e3/versions/51646dbffa038de0/files/7bb5968677fd158b544c4434efe5881307d55a322b4c6ae1b5fe31a08680c761 200
[debug] [2026-06-19T13:56:52.883Z] <<< [apiv2][body] POST https://upload-firebasehosting.googleapis.com/upload/sites/nizhgorodov-980e3/versions/51646dbffa038de0/files/7bb5968677fd158b544c4434efe5881307d55a322b4c6ae1b5fe31a08680c761 [stream]
[debug] [2026-06-19T13:56:52.945Z] <<< [apiv2][status] POST https://upload-firebasehosting.googleapis.com/upload/sites/nizhgorodov-980e3/versions/51646dbffa038de0/files/0eb6edc9fe1ad011cfed8b4b9e07503062f5bf2e9e77907af597fb68c34d97e9 200
[debug] [2026-06-19T13:56:52.945Z] <<< [apiv2][body] POST https://upload-firebasehosting.googleapis.com/upload/sites/nizhgorodov-980e3/versions/51646dbffa038de0/files/0eb6edc9fe1ad011cfed8b4b9e07503062f5bf2e9e77907af597fb68c34d97e9 [stream]
[debug] [2026-06-19T13:56:53.035Z] <<< [apiv2][status] POST https://upload-firebasehosting.googleapis.com/upload/sites/nizhgorodov-980e3/versions/51646dbffa038de0/files/e889583abdd96b9073e222b05363a3154c77faff3e46b795168c7afbe209add7 200
[debug] [2026-06-19T13:56:53.035Z] <<< [apiv2][body] POST https://upload-firebasehosting.googleapis.com/upload/sites/nizhgorodov-980e3/versions/51646dbffa038de0/files/e889583abdd96b9073e222b05363a3154c77faff3e46b795168c7afbe209add7 [stream]
[debug] [2026-06-19T13:56:53.114Z] <<< [apiv2][status] POST https://upload-firebasehosting.googleapis.com/upload/sites/nizhgorodov-980e3/versions/51646dbffa038de0/files/3983e61446011c303371182ab266176955d75bce671f214374d4e92e1e3fb042 200
[debug] [2026-06-19T13:56:53.114Z] <<< [apiv2][body] POST https://upload-firebasehosting.googleapis.com/upload/sites/nizhgorodov-980e3/versions/51646dbffa038de0/files/3983e61446011c303371182ab266176955d75bce671f214374d4e92e1e3fb042 [stream]
[debug] [2026-06-19T13:56:53.125Z] <<< [apiv2][status] POST https://upload-firebasehosting.googleapis.com/upload/sites/nizhgorodov-980e3/versions/51646dbffa038de0/files/777782158365fe5ded055955f8bff8b39ad75e4a427c68e64cfdecc0276bc66f 200
[debug] [2026-06-19T13:56:53.126Z] <<< [apiv2][body] POST https://upload-firebasehosting.googleapis.com/upload/sites/nizhgorodov-980e3/versions/51646dbffa038de0/files/777782158365fe5ded055955f8bff8b39ad75e4a427c68e64cfdecc0276bc66f [stream]
[info] i  hosting: uploading new files [12/14] (85%) 
[debug] [2026-06-19T13:56:53.355Z] <<< [apiv2][status] POST https://upload-firebasehosting.googleapis.com/upload/sites/nizhgorodov-980e3/versions/51646dbffa038de0/files/90edc5a27a2a3e01b6080466a52d3ac72d8ccea88e4fc9a544d5dc844c9fb036 200
[debug] [2026-06-19T13:56:53.355Z] <<< [apiv2][body] POST https://upload-firebasehosting.googleapis.com/upload/sites/nizhgorodov-980e3/versions/51646dbffa038de0/files/90edc5a27a2a3e01b6080466a52d3ac72d8ccea88e4fc9a544d5dc844c9fb036 [stream]
[debug] [2026-06-19T13:56:53.864Z] <<< [apiv2][status] POST https://upload-firebasehosting.googleapis.com/upload/sites/nizhgorodov-980e3/versions/51646dbffa038de0/files/e3271d9888faf1ad743866fa2cba18d9bf687229fa1ba52d21d1feec2f74090b 200
[debug] [2026-06-19T13:56:53.864Z] <<< [apiv2][body] POST https://upload-firebasehosting.googleapis.com/upload/sites/nizhgorodov-980e3/versions/51646dbffa038de0/files/e3271d9888faf1ad743866fa2cba18d9bf687229fa1ba52d21d1feec2f74090b [stream]
[debug] [2026-06-19T13:56:53.864Z] [hosting][upload queue][FINAL] {"max":7539,"min":6345,"avg":6660.428571428572,"active":0,"complete":14,"success":14,"errored":0,"retried":0,"total":14,"elapsed":7541}
[info] i  hosting: upload complete 
[info] ✔  hosting[nizhgorodov-980e3]: file upload complete 
[debug] [2026-06-19T13:56:53.865Z] [hosting] deploy completed after 8720ms
[debug] [2026-06-19T13:56:53.865Z] [
  {
    "config": {
      "public": "build",
      "cleanUrls": true,
      "ignore": [
        "firebase.json",
        "**/.*",
        "**/node_modules/**"
      ],
      "site": "nizhgorodov-980e3"
    },
    "version": "projects/249283010080/sites/nizhgorodov-980e3/versions/51646dbffa038de0"
  }
]
[info] i  hosting[nizhgorodov-980e3]: finalizing version... 
[debug] [2026-06-19T13:56:53.867Z] Checked if tokens are valid: true, expires at: 1781879972894
[debug] [2026-06-19T13:56:53.867Z] Checked if tokens are valid: true, expires at: 1781879972894
[debug] [2026-06-19T13:56:53.868Z] >>> [apiv2][query] PATCH https://firebasehosting.googleapis.com/v1beta1/projects/-/sites/nizhgorodov-980e3/versions/51646dbffa038de0 updateMask=status%2Cconfig
[debug] [2026-06-19T13:56:53.868Z] >>> [apiv2][body] PATCH https://firebasehosting.googleapis.com/v1beta1/projects/-/sites/nizhgorodov-980e3/versions/51646dbffa038de0 {"status":"FINALIZED","config":{"cleanUrls":true}}
[debug] [2026-06-19T13:56:55.398Z] <<< [apiv2][status] PATCH https://firebasehosting.googleapis.com/v1beta1/projects/-/sites/nizhgorodov-980e3/versions/51646dbffa038de0 200
[debug] [2026-06-19T13:56:55.399Z] <<< [apiv2][body] PATCH https://firebasehosting.googleapis.com/v1beta1/projects/-/sites/nizhgorodov-980e3/versions/51646dbffa038de0 {"name":"projects/249283010080/sites/nizhgorodov-980e3/versions/51646dbffa038de0","status":"FINALIZED","config":{"cleanUrls":true},"labels":{"deployment-tool":"cli-firebase"},"createTime":"2026-06-19T13:55:44.922113Z","createUser":{"email":"8900800700a@gmail.com"},"finalizeTime":"2026-06-19T13:56:55.282554Z","finalizeUser":{"email":"8900800700a@gmail.com"}}
[debug] [2026-06-19T13:56:55.399Z] [hosting] finalized version for nizhgorodov-980e3:[object Object]
[info] ✔  hosting[nizhgorodov-980e3]: version finalized 
[info] i  hosting[nizhgorodov-980e3]: releasing new version... 
[debug] [2026-06-19T13:56:55.399Z] Checked if tokens are valid: true, expires at: 1781879972894
[debug] [2026-06-19T13:56:55.399Z] Checked if tokens are valid: true, expires at: 1781879972894
[debug] [2026-06-19T13:56:55.400Z] >>> [apiv2][query] POST https://firebasehosting.googleapis.com/v1beta1/projects/-/sites/nizhgorodov-980e3/channels/live/releases versionName=projects%2F249283010080%2Fsites%2Fnizhgorodov-980e3%2Fversions%2F51646dbffa038de0
[debug] [2026-06-19T13:56:55.400Z] >>> [apiv2][body] POST https://firebasehosting.googleapis.com/v1beta1/projects/-/sites/nizhgorodov-980e3/channels/live/releases {}
[debug] [2026-06-19T13:56:57.496Z] <<< [apiv2][status] POST https://firebasehosting.googleapis.com/v1beta1/projects/-/sites/nizhgorodov-980e3/channels/live/releases 200
[debug] [2026-06-19T13:56:57.496Z] <<< [apiv2][body] POST https://firebasehosting.googleapis.com/v1beta1/projects/-/sites/nizhgorodov-980e3/channels/live/releases {"name":"projects/249283010080/sites/nizhgorodov-980e3/channels/live/releases/1781877416350000","version":{"name":"projects/249283010080/sites/nizhgorodov-980e3/versions/51646dbffa038de0","status":"FINALIZED","config":{"cleanUrls":true},"labels":{"deployment-tool":"cli-firebase"},"createTime":"2026-06-19T13:55:44.922113Z","createUser":{"email":"8900800700a@gmail.com","imageUrl":"https://lh3.googleusercontent.com/a/ACg8ocL_atsCL6wFE296dBchzV5cZaKTqVlSDOvpAgDzQ1bDpEjiudRv"},"finalizeTime":"2026-06-19T13:56:55.282554Z","finalizeUser":{"email":"8900800700a@gmail.com","imageUrl":"https://lh3.googleusercontent.com/a/ACg8ocL_atsCL6wFE296dBchzV5cZaKTqVlSDOvpAgDzQ1bDpEjiudRv"}},"type":"DEPLOY","releaseTime":"2026-06-19T13:56:56.350Z","releaseUser":{"email":"8900800700a@gmail.com","imageUrl":"https://lh3.googleusercontent.com/a/ACg8ocL_atsCL6wFE296dBchzV5cZaKTqVlSDOvpAgDzQ1bDpEjiudRv"}}
[debug] [2026-06-19T13:56:57.496Z] [hosting] release: {"name":"projects/249283010080/sites/nizhgorodov-980e3/channels/live/releases/1781877416350000","version":{"name":"projects/249283010080/sites/nizhgorodov-980e3/versions/51646dbffa038de0","status":"FINALIZED","config":{"cleanUrls":true},"labels":{"deployment-tool":"cli-firebase"},"createTime":"2026-06-19T13:55:44.922113Z","createUser":{"email":"8900800700a@gmail.com","imageUrl":"https://lh3.googleusercontent.com/a/ACg8ocL_atsCL6wFE296dBchzV5cZaKTqVlSDOvpAgDzQ1bDpEjiudRv"},"finalizeTime":"2026-06-19T13:56:55.282554Z","finalizeUser":{"email":"8900800700a@gmail.com","imageUrl":"https://lh3.googleusercontent.com/a/ACg8ocL_atsCL6wFE296dBchzV5cZaKTqVlSDOvpAgDzQ1bDpEjiudRv"}},"type":"DEPLOY","releaseTime":"2026-06-19T13:56:56.350Z","releaseUser":{"email":"8900800700a@gmail.com","imageUrl":"https://lh3.googleusercontent.com/a/ACg8ocL_atsCL6wFE296dBchzV5cZaKTqVlSDOvpAgDzQ1bDpEjiudRv"}}
[info] ✔  hosting[nizhgorodov-980e3]: release complete 
[info] 
[info] ✔  Deploy complete! 
[info] 
[info] Project Console: https://console.firebase.google.com/project/nizhgorodov-980e3/overview
[info] Hosting URL: https://nizhgorodov-980e3.web.app
[debug] [2026-06-19T13:57:07.504Z] Error: Timed out.
    at Timeout._onTimeout (/opt/homebrew/lib/node_modules/firebase-tools/lib/utils.js:308:49)
    at listOnTimeout (node:internal/timers:605:17)
    at process.processTimers (node:internal/timers:541:7)
[error] 
[error] Error: An unexpected error has occurred.
[debug] [2026-06-19T13:58:43.119Z] ----------------------------------------------------------------------
[debug] [2026-06-19T13:58:43.120Z] Command:       /opt/homebrew/Cellar/node/25.2.1/bin/node /opt/homebrew/bin/firebase deploy --only hosting --project nizhgorodov-980e3 --non-interactive
[debug] [2026-06-19T13:58:43.120Z] CLI Version:   15.7.0
[debug] [2026-06-19T13:58:43.120Z] Platform:      darwin
[debug] [2026-06-19T13:58:43.120Z] Node Version:  v25.2.1
[debug] [2026-06-19T13:58:43.120Z] Time:          Fri Jun 19 2026 16:58:43 GMT+0300 (Moscow Standard Time)
[debug] [2026-06-19T13:58:43.120Z] ----------------------------------------------------------------------
[debug] 
[debug] [2026-06-19T13:58:43.727Z] > command requires scopes: ["email","openid","https://www.googleapis.com/auth/cloudplatformprojects.readonly","https://www.googleapis.com/auth/firebase","https://www.googleapis.com/auth/cloud-platform"]
[debug] [2026-06-19T13:58:43.727Z] > authorizing via signed-in user (8900800700a@gmail.com)
[debug] [2026-06-19T13:58:43.727Z] [iam] checking project nizhgorodov-980e3 for permissions ["firebase.projects.get","firebasehosting.sites.update"]
[debug] [2026-06-19T13:58:43.727Z] Checked if tokens are valid: true, expires at: 1781879972894
[debug] [2026-06-19T13:58:43.727Z] Checked if tokens are valid: true, expires at: 1781879972894
[debug] [2026-06-19T13:58:43.728Z] >>> [apiv2][query] POST https://cloudresourcemanager.googleapis.com/v1/projects/nizhgorodov-980e3:testIamPermissions [none]
[debug] [2026-06-19T13:58:43.728Z] >>> [apiv2][(partial)header] POST https://cloudresourcemanager.googleapis.com/v1/projects/nizhgorodov-980e3:testIamPermissions  x-goog-user-project=nizhgorodov-980e3
[debug] [2026-06-19T13:58:43.728Z] >>> [apiv2][body] POST https://cloudresourcemanager.googleapis.com/v1/projects/nizhgorodov-980e3:testIamPermissions {"permissions":["firebase.projects.get","firebasehosting.sites.update"]}
[debug] [2026-06-19T13:58:44.567Z] <<< [apiv2][status] POST https://cloudresourcemanager.googleapis.com/v1/projects/nizhgorodov-980e3:testIamPermissions 200
[debug] [2026-06-19T13:58:44.567Z] <<< [apiv2][body] POST https://cloudresourcemanager.googleapis.com/v1/projects/nizhgorodov-980e3:testIamPermissions {"permissions":["firebase.projects.get","firebasehosting.sites.update"]}
[debug] [2026-06-19T13:58:44.568Z] Checked if tokens are valid: true, expires at: 1781879972894
[debug] [2026-06-19T13:58:44.568Z] Checked if tokens are valid: true, expires at: 1781879972894
[debug] [2026-06-19T13:58:44.568Z] >>> [apiv2][query] GET https://firebase.googleapis.com/v1beta1/projects/nizhgorodov-980e3 [none]
[debug] [2026-06-19T13:58:45.568Z] <<< [apiv2][status] GET https://firebase.googleapis.com/v1beta1/projects/nizhgorodov-980e3 200
[debug] [2026-06-19T13:58:45.568Z] <<< [apiv2][body] GET https://firebase.googleapis.com/v1beta1/projects/nizhgorodov-980e3 {"projectId":"nizhgorodov-980e3","projectNumber":"249283010080","displayName":"nizhgorodov","name":"projects/nizhgorodov-980e3","resources":{"hostingSite":"nizhgorodov-980e3"},"state":"ACTIVE","etag":"1_bac89f22-5c13-4f38-9160-2f12bc9431ec"}
[info] 
[info] === Deploying to 'nizhgorodov-980e3'...
[info] 
[info] i  deploying hosting 
[debug] [2026-06-19T13:58:45.575Z] Checked if tokens are valid: true, expires at: 1781879972894
[debug] [2026-06-19T13:58:45.575Z] Checked if tokens are valid: true, expires at: 1781879972894
[debug] [2026-06-19T13:58:45.575Z] >>> [apiv2][query] POST https://firebasehosting.googleapis.com/v1beta1/projects/-/sites/nizhgorodov-980e3/versions [none]
[debug] [2026-06-19T13:58:45.575Z] >>> [apiv2][body] POST https://firebasehosting.googleapis.com/v1beta1/projects/-/sites/nizhgorodov-980e3/versions {"status":"CREATED","labels":{"deployment-tool":"cli-firebase"}}
[debug] [2026-06-19T13:58:47.452Z] <<< [apiv2][status] POST https://firebasehosting.googleapis.com/v1beta1/projects/-/sites/nizhgorodov-980e3/versions 200
[debug] [2026-06-19T13:58:47.452Z] <<< [apiv2][body] POST https://firebasehosting.googleapis.com/v1beta1/projects/-/sites/nizhgorodov-980e3/versions {"name":"projects/249283010080/sites/nizhgorodov-980e3/versions/7b7510703068bcbf","status":"CREATED","config":{},"labels":{"deployment-tool":"cli-firebase"}}
[info] i  hosting[nizhgorodov-980e3]: beginning deploy... 
[info] i  hosting[nizhgorodov-980e3]: found 37 files in build 
[debug] [2026-06-19T13:59:46.664Z] [hosting] uploading with 200 concurrency
[debug] [2026-06-19T13:59:46.683Z] Checked if tokens are valid: true, expires at: 1781879972894
[debug] [2026-06-19T13:59:46.683Z] Checked if tokens are valid: true, expires at: 1781879972894
[debug] [2026-06-19T13:59:46.683Z] [hosting] hash cache [YnVpbGQ] stored for 37 files
[debug] [2026-06-19T13:59:46.684Z] [hosting][hash queue][FINAL] {"max":15,"min":8,"avg":9.513513513513514,"active":0,"complete":37,"success":37,"errored":0,"retried":0,"total":37,"elapsed":18}
[debug] [2026-06-19T13:59:46.684Z] >>> [apiv2][query] POST https://firebasehosting.googleapis.com/v1beta1/projects/249283010080/sites/nizhgorodov-980e3/versions/7b7510703068bcbf:populateFiles [none]
[debug] [2026-06-19T13:59:46.684Z] >>> [apiv2][body] POST https://firebasehosting.googleapis.com/v1beta1/projects/249283010080/sites/nizhgorodov-980e3/versions/7b7510703068bcbf:populateFiles {"files":{"/sitemap.xml":"f0a957a7fa1d37bc39f58098f8471787ba219d45dbf5f8b1c09bb9598fab7b72","/robots.txt":"15ebd5eee987a7f1469e112cc57715051a3f94fb368fd1deb3fdde37dbead0db","/favicon.svg":"5d87b9a98aa1af4b6e0142691fb92d2134b02308438d571624b77dd291ad5ba8","/logo/yandex.svg":"73b2a6d464bff5f562a81d068acd5fec30a5894baf4ff5f018166494e3348780","/en.html":"49d68633012748beda993bcc9a93ee9e552ce40e921f9d1488c0488e6dd3e8e5","/logo/edya.svg":"b4d0b1000530f2062b459e4b9a6e114ca84095166ac4d5bc59dfff4a71ecf5b6","/_app/env.js":"b6422bbd2a0c5c86bc11dd510c32c124689f1abbb2498ede068c8222cf6cf07b","/logo/perfema.svg":"c70e76bf36b5a6b7916a091635477bce98665ab0c3041f8ac7fe9ea4525ce3b7","/ru.html":"bc5405f9610d79c2abeea9208207084b207ba92684402f1242168e041fd255f2","/index.html":"d0ff8e7497d17d1213261ef66900412db39e5bfad23a010dc1f70cd72c42ebe4","/_app/version.json":"3afffd3d8f18a91331cd802fc72546be78bde5a7287a997ae0a7255b87a75b0d","/_app/immutable/nodes/4.B_8Wx6nj.js":"e889583abdd96b9073e222b05363a3154c77faff3e46b795168c7afbe209add7","/_app/immutable/nodes/3.CQwOtBmv.js":"ccf76543c5f2cd17b17b9cf7ef40de764257edf4797035b8cc07de74421f45b3","/_app/immutable/nodes/2.Lwp0NM5b.js":"c240f275fb493c0b50b6d49d3904ff5e02a4a9f7ec386d013ce4e3742cc7d01c","/_app/immutable/entry/start.LyKmTLfw.js":"5998c1489c115187125dbc679f27af35e014b5d1a50bd9cd09970b1f81737ddc","/_app/immutable/nodes/1.H11sn4NP.js":"f11ff9fc9eed9d4b41a6c0a94eca1dcd3eb037bbd125544875770102dfad5cd1","/_app/immutable/nodes/0.2deHmBKa.js":"0817a5cb1068a27931ac31c3da1f070736504b53a37f1bb08434abfac0aed4c7","/_app/immutable/entry/app.CywzWUsA.js":"4e22a5260db32d7c0f9fe81c0fd37aef7e40d5dcca3ba5b0d75d35b1c4dd8ec7","/_app/immutable/chunks/Dxaj-fIP.js":"9d6b18b51df520864e0fb7fe66eb7a4fa17ecb8e9c695fd2671f63dfc7be2864","/_app/immutable/chunks/DlSTxH-B.js":"328845ff11617ac9ac4cf712d70a5843b954d4021760d1b2b49f9ab021533dfb","/_app/immutable/chunks/obVeejdx.js":"bb1631e1eff6e75ce7690f9e86872631db661b022bebfdc84123826101f5c3a0","/_app/immutable/chunks/DBewB76Q.js":"874fcd093979dd8dab67ff2615f48f8c267f882ac39ea16d1061fd764874f779","/_app/immutable/chunks/D01C4JX9.js":"500d777e7147a3b5721bc4e0a9f914704ecd3a3ea0e4fd751f8c97b2495c3379","/edu/hse.svg":"3616db159c4297adf63984895acf0b8d6c7de0e23dcbb61e9342d5643c55c1d2","/_app/immutable/chunks/Dpl8FPj4.js":"e3271d9888faf1ad743866fa2cba18d9bf687229fa1ba52d21d1feec2f74090b","/_app/immutable/chunks/B3TgCwa8.js":"992b34bcf0b7bffa7f7c6d57989cfa660a5ef9320576edc747cd91da8e4d5da4","/_app/immutable/assets/0.BldsFLqZ.css":"76e0ae7c1889166d70a9a51f8349845efeefec940f697601d67b987c3bd4703f","/_app/immutable/chunks/D-GU6gwO.js":"085e92f8be1de1e185503a34d5af451045900d556f88332790ed3bd324c65075","/_app/immutable/chunks/BfyYDFUS.js":"bfc157fc63430cad40c5af55470c39979a8007d9e59dfbf2a577e880921f3ffa","/_app/immutable/chunks/CsPfWyyi.js":"631e6cebf1db8f312282cbb75063fbf9744164f65a25ab8469a566d09c9a325b","/og-en.png":"96030b98dec44474932ec3f2025104bc0be993d9c5c4cd5bf42bffbd4b3f6171","/og.png":"20e3ff7d7b9a62cb4e8a5b759f9de9c1aa9fc28d889aedfefe566a5e619a57da","/edu/misis.png":"8dfbf865cc6f44ce3230afd34298d033edaea63c0b81e9cf9db4807607b75e03","/photo-2.jpg":"6c09a7dd27f85dcd21c883643a87186fd0ad7004bc2e0c1ff78d61c345ad6e3e","/photo-3.jpg":"128adaa4e24a4ef6f1aee4f0c7c177a04142290d7ed5b4fbb3fbd1ac290205c1","/photo-1.jpg":"98bec2a7adc2cb497cee250b2264cd0675e5ffaad135d3cf3bf62a6d19f0730d","/avatar.jpg":"98bec2a7adc2cb497cee250b2264cd0675e5ffaad135d3cf3bf62a6d19f0730d"}}
[debug] [2026-06-19T13:59:47.912Z] <<< [apiv2][status] POST https://firebasehosting.googleapis.com/v1beta1/projects/249283010080/sites/nizhgorodov-980e3/versions/7b7510703068bcbf:populateFiles 200
[debug] [2026-06-19T13:59:47.912Z] <<< [apiv2][body] POST https://firebasehosting.googleapis.com/v1beta1/projects/249283010080/sites/nizhgorodov-980e3/versions/7b7510703068bcbf:populateFiles {"uploadRequiredHashes":["76e0ae7c1889166d70a9a51f8349845efeefec940f697601d67b987c3bd4703f","49d68633012748beda993bcc9a93ee9e552ce40e921f9d1488c0488e6dd3e8e5","3afffd3d8f18a91331cd802fc72546be78bde5a7287a997ae0a7255b87a75b0d","4e22a5260db32d7c0f9fe81c0fd37aef7e40d5dcca3ba5b0d75d35b1c4dd8ec7","d0ff8e7497d17d1213261ef66900412db39e5bfad23a010dc1f70cd72c42ebe4","bc5405f9610d79c2abeea9208207084b207ba92684402f1242168e041fd255f2","5998c1489c115187125dbc679f27af35e014b5d1a50bd9cd09970b1f81737ddc","c240f275fb493c0b50b6d49d3904ff5e02a4a9f7ec386d013ce4e3742cc7d01c","0817a5cb1068a27931ac31c3da1f070736504b53a37f1bb08434abfac0aed4c7","bfc157fc63430cad40c5af55470c39979a8007d9e59dfbf2a577e880921f3ffa","ccf76543c5f2cd17b17b9cf7ef40de764257edf4797035b8cc07de74421f45b3","f11ff9fc9eed9d4b41a6c0a94eca1dcd3eb037bbd125544875770102dfad5cd1"],"uploadUrl":"https://upload-firebasehosting.googleapis.com/upload/sites/nizhgorodov-980e3/versions/7b7510703068bcbf/files"}
[debug] [2026-06-19T13:59:47.913Z] Checked if tokens are valid: true, expires at: 1781879972894
[debug] [2026-06-19T13:59:47.913Z] Checked if tokens are valid: true, expires at: 1781879972894
[debug] [2026-06-19T13:59:47.913Z] Checked if tokens are valid: true, expires at: 1781879972894
[debug] [2026-06-19T13:59:47.913Z] Checked if tokens are valid: true, expires at: 1781879972894
[debug] [2026-06-19T13:59:47.914Z] Checked if tokens are valid: true, expires at: 1781879972894
[debug] [2026-06-19T13:59:47.914Z] Checked if tokens are valid: true, expires at: 1781879972894
[debug] [2026-06-19T13:59:47.914Z] Checked if tokens are valid: true, expires at: 1781879972894
[debug] [2026-06-19T13:59:47.914Z] Checked if tokens are valid: true, expires at: 1781879972894
[debug] [2026-06-19T13:59:47.914Z] Checked if tokens are valid: true, expires at: 1781879972894
[debug] [2026-06-19T13:59:47.914Z] Checked if tokens are valid: true, expires at: 1781879972894
[debug] [2026-06-19T13:59:47.914Z] Checked if tokens are valid: true, expires at: 1781879972894
[debug] [2026-06-19T13:59:47.914Z] Checked if tokens are valid: true, expires at: 1781879972894
[debug] [2026-06-19T13:59:47.914Z] Checked if tokens are valid: true, expires at: 1781879972894
[debug] [2026-06-19T13:59:47.914Z] Checked if tokens are valid: true, expires at: 1781879972894
[debug] [2026-06-19T13:59:47.915Z] Checked if tokens are valid: true, expires at: 1781879972894
[debug] [2026-06-19T13:59:47.915Z] Checked if tokens are valid: true, expires at: 1781879972894
[debug] [2026-06-19T13:59:47.915Z] Checked if tokens are valid: true, expires at: 1781879972894
[debug] [2026-06-19T13:59:47.915Z] Checked if tokens are valid: true, expires at: 1781879972894
[debug] [2026-06-19T13:59:47.915Z] Checked if tokens are valid: true, expires at: 1781879972894
[debug] [2026-06-19T13:59:47.915Z] Checked if tokens are valid: true, expires at: 1781879972894
[debug] [2026-06-19T13:59:47.915Z] Checked if tokens are valid: true, expires at: 1781879972894
[debug] [2026-06-19T13:59:47.915Z] Checked if tokens are valid: true, expires at: 1781879972894
[debug] [2026-06-19T13:59:47.915Z] Checked if tokens are valid: true, expires at: 1781879972894
[debug] [2026-06-19T13:59:47.915Z] Checked if tokens are valid: true, expires at: 1781879972894
[debug] [2026-06-19T13:59:47.916Z] >>> [apiv2][query] POST https://upload-firebasehosting.googleapis.com/upload/sites/nizhgorodov-980e3/versions/7b7510703068bcbf/files/76e0ae7c1889166d70a9a51f8349845efeefec940f697601d67b987c3bd4703f [none]
[debug] [2026-06-19T13:59:47.916Z] >>> [apiv2][body] POST https://upload-firebasehosting.googleapis.com/upload/sites/nizhgorodov-980e3/versions/7b7510703068bcbf/files/76e0ae7c1889166d70a9a51f8349845efeefec940f697601d67b987c3bd4703f [stream]
[debug] [2026-06-19T13:59:47.918Z] >>> [apiv2][query] POST https://upload-firebasehosting.googleapis.com/upload/sites/nizhgorodov-980e3/versions/7b7510703068bcbf/files/49d68633012748beda993bcc9a93ee9e552ce40e921f9d1488c0488e6dd3e8e5 [none]
[debug] [2026-06-19T13:59:47.918Z] >>> [apiv2][body] POST https://upload-firebasehosting.googleapis.com/upload/sites/nizhgorodov-980e3/versions/7b7510703068bcbf/files/49d68633012748beda993bcc9a93ee9e552ce40e921f9d1488c0488e6dd3e8e5 [stream]
[debug] [2026-06-19T13:59:47.919Z] >>> [apiv2][query] POST https://upload-firebasehosting.googleapis.com/upload/sites/nizhgorodov-980e3/versions/7b7510703068bcbf/files/3afffd3d8f18a91331cd802fc72546be78bde5a7287a997ae0a7255b87a75b0d [none]
[debug] [2026-06-19T13:59:47.919Z] >>> [apiv2][body] POST https://upload-firebasehosting.googleapis.com/upload/sites/nizhgorodov-980e3/versions/7b7510703068bcbf/files/3afffd3d8f18a91331cd802fc72546be78bde5a7287a997ae0a7255b87a75b0d [stream]
[debug] [2026-06-19T13:59:47.920Z] >>> [apiv2][query] POST https://upload-firebasehosting.googleapis.com/upload/sites/nizhgorodov-980e3/versions/7b7510703068bcbf/files/4e22a5260db32d7c0f9fe81c0fd37aef7e40d5dcca3ba5b0d75d35b1c4dd8ec7 [none]
[debug] [2026-06-19T13:59:47.920Z] >>> [apiv2][body] POST https://upload-firebasehosting.googleapis.com/upload/sites/nizhgorodov-980e3/versions/7b7510703068bcbf/files/4e22a5260db32d7c0f9fe81c0fd37aef7e40d5dcca3ba5b0d75d35b1c4dd8ec7 [stream]
[debug] [2026-06-19T13:59:47.921Z] >>> [apiv2][query] POST https://upload-firebasehosting.googleapis.com/upload/sites/nizhgorodov-980e3/versions/7b7510703068bcbf/files/d0ff8e7497d17d1213261ef66900412db39e5bfad23a010dc1f70cd72c42ebe4 [none]
[debug] [2026-06-19T13:59:47.921Z] >>> [apiv2][body] POST https://upload-firebasehosting.googleapis.com/upload/sites/nizhgorodov-980e3/versions/7b7510703068bcbf/files/d0ff8e7497d17d1213261ef66900412db39e5bfad23a010dc1f70cd72c42ebe4 [stream]
[debug] [2026-06-19T13:59:47.923Z] >>> [apiv2][query] POST https://upload-firebasehosting.googleapis.com/upload/sites/nizhgorodov-980e3/versions/7b7510703068bcbf/files/bc5405f9610d79c2abeea9208207084b207ba92684402f1242168e041fd255f2 [none]
[debug] [2026-06-19T13:59:47.923Z] >>> [apiv2][body] POST https://upload-firebasehosting.googleapis.com/upload/sites/nizhgorodov-980e3/versions/7b7510703068bcbf/files/bc5405f9610d79c2abeea9208207084b207ba92684402f1242168e041fd255f2 [stream]
[debug] [2026-06-19T13:59:47.924Z] >>> [apiv2][query] POST https://upload-firebasehosting.googleapis.com/upload/sites/nizhgorodov-980e3/versions/7b7510703068bcbf/files/5998c1489c115187125dbc679f27af35e014b5d1a50bd9cd09970b1f81737ddc [none]
[debug] [2026-06-19T13:59:47.924Z] >>> [apiv2][body] POST https://upload-firebasehosting.googleapis.com/upload/sites/nizhgorodov-980e3/versions/7b7510703068bcbf/files/5998c1489c115187125dbc679f27af35e014b5d1a50bd9cd09970b1f81737ddc [stream]
[debug] [2026-06-19T13:59:47.925Z] >>> [apiv2][query] POST https://upload-firebasehosting.googleapis.com/upload/sites/nizhgorodov-980e3/versions/7b7510703068bcbf/files/c240f275fb493c0b50b6d49d3904ff5e02a4a9f7ec386d013ce4e3742cc7d01c [none]
[debug] [2026-06-19T13:59:47.925Z] >>> [apiv2][body] POST https://upload-firebasehosting.googleapis.com/upload/sites/nizhgorodov-980e3/versions/7b7510703068bcbf/files/c240f275fb493c0b50b6d49d3904ff5e02a4a9f7ec386d013ce4e3742cc7d01c [stream]
[debug] [2026-06-19T13:59:47.926Z] >>> [apiv2][query] POST https://upload-firebasehosting.googleapis.com/upload/sites/nizhgorodov-980e3/versions/7b7510703068bcbf/files/0817a5cb1068a27931ac31c3da1f070736504b53a37f1bb08434abfac0aed4c7 [none]
[debug] [2026-06-19T13:59:47.926Z] >>> [apiv2][body] POST https://upload-firebasehosting.googleapis.com/upload/sites/nizhgorodov-980e3/versions/7b7510703068bcbf/files/0817a5cb1068a27931ac31c3da1f070736504b53a37f1bb08434abfac0aed4c7 [stream]
[debug] [2026-06-19T13:59:47.926Z] >>> [apiv2][query] POST https://upload-firebasehosting.googleapis.com/upload/sites/nizhgorodov-980e3/versions/7b7510703068bcbf/files/bfc157fc63430cad40c5af55470c39979a8007d9e59dfbf2a577e880921f3ffa [none]
[debug] [2026-06-19T13:59:47.926Z] >>> [apiv2][body] POST https://upload-firebasehosting.googleapis.com/upload/sites/nizhgorodov-980e3/versions/7b7510703068bcbf/files/bfc157fc63430cad40c5af55470c39979a8007d9e59dfbf2a577e880921f3ffa [stream]
[debug] [2026-06-19T13:59:47.927Z] >>> [apiv2][query] POST https://upload-firebasehosting.googleapis.com/upload/sites/nizhgorodov-980e3/versions/7b7510703068bcbf/files/ccf76543c5f2cd17b17b9cf7ef40de764257edf4797035b8cc07de74421f45b3 [none]
[debug] [2026-06-19T13:59:47.927Z] >>> [apiv2][body] POST https://upload-firebasehosting.googleapis.com/upload/sites/nizhgorodov-980e3/versions/7b7510703068bcbf/files/ccf76543c5f2cd17b17b9cf7ef40de764257edf4797035b8cc07de74421f45b3 [stream]
[debug] [2026-06-19T13:59:47.927Z] >>> [apiv2][query] POST https://upload-firebasehosting.googleapis.com/upload/sites/nizhgorodov-980e3/versions/7b7510703068bcbf/files/f11ff9fc9eed9d4b41a6c0a94eca1dcd3eb037bbd125544875770102dfad5cd1 [none]
[debug] [2026-06-19T13:59:47.927Z] >>> [apiv2][body] POST https://upload-firebasehosting.googleapis.com/upload/sites/nizhgorodov-980e3/versions/7b7510703068bcbf/files/f11ff9fc9eed9d4b41a6c0a94eca1dcd3eb037bbd125544875770102dfad5cd1 [stream]
[debug] [2026-06-19T13:59:47.928Z] [hosting][populate queue][FINAL] {"max":1232,"min":1232,"avg":1232,"active":0,"complete":1,"success":1,"errored":0,"retried":0,"total":1,"elapsed":1245}
[debug] [2026-06-19T13:59:47.928Z] [hosting] uploads queued: 12
[info] i  hosting: uploading new files [0/12] (0%) 
[debug] [2026-06-19T13:59:49.153Z] <<< [apiv2][status] POST https://upload-firebasehosting.googleapis.com/upload/sites/nizhgorodov-980e3/versions/7b7510703068bcbf/files/0817a5cb1068a27931ac31c3da1f070736504b53a37f1bb08434abfac0aed4c7 200
[debug] [2026-06-19T13:59:49.153Z] <<< [apiv2][body] POST https://upload-firebasehosting.googleapis.com/upload/sites/nizhgorodov-980e3/versions/7b7510703068bcbf/files/0817a5cb1068a27931ac31c3da1f070736504b53a37f1bb08434abfac0aed4c7 [stream]
[debug] [2026-06-19T13:59:49.181Z] <<< [apiv2][status] POST https://upload-firebasehosting.googleapis.com/upload/sites/nizhgorodov-980e3/versions/7b7510703068bcbf/files/49d68633012748beda993bcc9a93ee9e552ce40e921f9d1488c0488e6dd3e8e5 200
[debug] [2026-06-19T13:59:49.181Z] <<< [apiv2][body] POST https://upload-firebasehosting.googleapis.com/upload/sites/nizhgorodov-980e3/versions/7b7510703068bcbf/files/49d68633012748beda993bcc9a93ee9e552ce40e921f9d1488c0488e6dd3e8e5 [stream]
[debug] [2026-06-19T13:59:49.222Z] <<< [apiv2][status] POST https://upload-firebasehosting.googleapis.com/upload/sites/nizhgorodov-980e3/versions/7b7510703068bcbf/files/76e0ae7c1889166d70a9a51f8349845efeefec940f697601d67b987c3bd4703f 200
[debug] [2026-06-19T13:59:49.222Z] <<< [apiv2][body] POST https://upload-firebasehosting.googleapis.com/upload/sites/nizhgorodov-980e3/versions/7b7510703068bcbf/files/76e0ae7c1889166d70a9a51f8349845efeefec940f697601d67b987c3bd4703f [stream]
[debug] [2026-06-19T13:59:49.268Z] <<< [apiv2][status] POST https://upload-firebasehosting.googleapis.com/upload/sites/nizhgorodov-980e3/versions/7b7510703068bcbf/files/d0ff8e7497d17d1213261ef66900412db39e5bfad23a010dc1f70cd72c42ebe4 200
[debug] [2026-06-19T13:59:49.268Z] <<< [apiv2][body] POST https://upload-firebasehosting.googleapis.com/upload/sites/nizhgorodov-980e3/versions/7b7510703068bcbf/files/d0ff8e7497d17d1213261ef66900412db39e5bfad23a010dc1f70cd72c42ebe4 [stream]
[debug] [2026-06-19T13:59:49.287Z] <<< [apiv2][status] POST https://upload-firebasehosting.googleapis.com/upload/sites/nizhgorodov-980e3/versions/7b7510703068bcbf/files/4e22a5260db32d7c0f9fe81c0fd37aef7e40d5dcca3ba5b0d75d35b1c4dd8ec7 200
[debug] [2026-06-19T13:59:49.288Z] <<< [apiv2][body] POST https://upload-firebasehosting.googleapis.com/upload/sites/nizhgorodov-980e3/versions/7b7510703068bcbf/files/4e22a5260db32d7c0f9fe81c0fd37aef7e40d5dcca3ba5b0d75d35b1c4dd8ec7 [stream]
[debug] [2026-06-19T13:59:49.324Z] <<< [apiv2][status] POST https://upload-firebasehosting.googleapis.com/upload/sites/nizhgorodov-980e3/versions/7b7510703068bcbf/files/bfc157fc63430cad40c5af55470c39979a8007d9e59dfbf2a577e880921f3ffa 200
[debug] [2026-06-19T13:59:49.324Z] <<< [apiv2][body] POST https://upload-firebasehosting.googleapis.com/upload/sites/nizhgorodov-980e3/versions/7b7510703068bcbf/files/bfc157fc63430cad40c5af55470c39979a8007d9e59dfbf2a577e880921f3ffa [stream]
[debug] [2026-06-19T13:59:49.535Z] <<< [apiv2][status] POST https://upload-firebasehosting.googleapis.com/upload/sites/nizhgorodov-980e3/versions/7b7510703068bcbf/files/5998c1489c115187125dbc679f27af35e014b5d1a50bd9cd09970b1f81737ddc 200
[debug] [2026-06-19T13:59:49.535Z] <<< [apiv2][body] POST https://upload-firebasehosting.googleapis.com/upload/sites/nizhgorodov-980e3/versions/7b7510703068bcbf/files/5998c1489c115187125dbc679f27af35e014b5d1a50bd9cd09970b1f81737ddc [stream]
[debug] [2026-06-19T13:59:49.571Z] <<< [apiv2][status] POST https://upload-firebasehosting.googleapis.com/upload/sites/nizhgorodov-980e3/versions/7b7510703068bcbf/files/3afffd3d8f18a91331cd802fc72546be78bde5a7287a997ae0a7255b87a75b0d 200
[debug] [2026-06-19T13:59:49.571Z] <<< [apiv2][body] POST https://upload-firebasehosting.googleapis.com/upload/sites/nizhgorodov-980e3/versions/7b7510703068bcbf/files/3afffd3d8f18a91331cd802fc72546be78bde5a7287a997ae0a7255b87a75b0d [stream]
[debug] [2026-06-19T13:59:49.615Z] <<< [apiv2][status] POST https://upload-firebasehosting.googleapis.com/upload/sites/nizhgorodov-980e3/versions/7b7510703068bcbf/files/c240f275fb493c0b50b6d49d3904ff5e02a4a9f7ec386d013ce4e3742cc7d01c 200
[debug] [2026-06-19T13:59:49.615Z] <<< [apiv2][body] POST https://upload-firebasehosting.googleapis.com/upload/sites/nizhgorodov-980e3/versions/7b7510703068bcbf/files/c240f275fb493c0b50b6d49d3904ff5e02a4a9f7ec386d013ce4e3742cc7d01c [stream]
[debug] [2026-06-19T13:59:49.723Z] <<< [apiv2][status] POST https://upload-firebasehosting.googleapis.com/upload/sites/nizhgorodov-980e3/versions/7b7510703068bcbf/files/bc5405f9610d79c2abeea9208207084b207ba92684402f1242168e041fd255f2 200
[debug] [2026-06-19T13:59:49.724Z] <<< [apiv2][body] POST https://upload-firebasehosting.googleapis.com/upload/sites/nizhgorodov-980e3/versions/7b7510703068bcbf/files/bc5405f9610d79c2abeea9208207084b207ba92684402f1242168e041fd255f2 [stream]
[debug] [2026-06-19T13:59:50.129Z] <<< [apiv2][status] POST https://upload-firebasehosting.googleapis.com/upload/sites/nizhgorodov-980e3/versions/7b7510703068bcbf/files/f11ff9fc9eed9d4b41a6c0a94eca1dcd3eb037bbd125544875770102dfad5cd1 200
[debug] [2026-06-19T13:59:50.130Z] <<< [apiv2][body] POST https://upload-firebasehosting.googleapis.com/upload/sites/nizhgorodov-980e3/versions/7b7510703068bcbf/files/f11ff9fc9eed9d4b41a6c0a94eca1dcd3eb037bbd125544875770102dfad5cd1 [stream]
[debug] [2026-06-19T13:59:50.305Z] <<< [apiv2][status] POST https://upload-firebasehosting.googleapis.com/upload/sites/nizhgorodov-980e3/versions/7b7510703068bcbf/files/ccf76543c5f2cd17b17b9cf7ef40de764257edf4797035b8cc07de74421f45b3 200
[debug] [2026-06-19T13:59:50.305Z] <<< [apiv2][body] POST https://upload-firebasehosting.googleapis.com/upload/sites/nizhgorodov-980e3/versions/7b7510703068bcbf/files/ccf76543c5f2cd17b17b9cf7ef40de764257edf4797035b8cc07de74421f45b3 [stream]
[debug] [2026-06-19T13:59:50.305Z] [hosting][upload queue][FINAL] {"max":2390,"min":1238,"avg":1612.1666666666667,"active":0,"complete":12,"success":12,"errored":0,"retried":0,"total":12,"elapsed":2393}
[info] i  hosting: upload complete 
[info] ✔  hosting[nizhgorodov-980e3]: file upload complete 
[debug] [2026-06-19T13:59:50.307Z] [hosting] deploy completed after 3660ms
[debug] [2026-06-19T13:59:50.307Z] [
  {
    "config": {
      "public": "build",
      "cleanUrls": true,
      "ignore": [
        "firebase.json",
        "**/.*",
        "**/node_modules/**"
      ],
      "site": "nizhgorodov-980e3"
    },
    "version": "projects/249283010080/sites/nizhgorodov-980e3/versions/7b7510703068bcbf"
  }
]
[info] i  hosting[nizhgorodov-980e3]: finalizing version... 
[debug] [2026-06-19T13:59:50.309Z] Checked if tokens are valid: true, expires at: 1781879972894
[debug] [2026-06-19T13:59:50.309Z] Checked if tokens are valid: true, expires at: 1781879972894
[debug] [2026-06-19T13:59:50.310Z] >>> [apiv2][query] PATCH https://firebasehosting.googleapis.com/v1beta1/projects/-/sites/nizhgorodov-980e3/versions/7b7510703068bcbf updateMask=status%2Cconfig
[debug] [2026-06-19T13:59:50.310Z] >>> [apiv2][body] PATCH https://firebasehosting.googleapis.com/v1beta1/projects/-/sites/nizhgorodov-980e3/versions/7b7510703068bcbf {"status":"FINALIZED","config":{"cleanUrls":true}}
[debug] [2026-06-19T13:59:51.623Z] <<< [apiv2][status] PATCH https://firebasehosting.googleapis.com/v1beta1/projects/-/sites/nizhgorodov-980e3/versions/7b7510703068bcbf 200
[debug] [2026-06-19T13:59:51.623Z] <<< [apiv2][body] PATCH https://firebasehosting.googleapis.com/v1beta1/projects/-/sites/nizhgorodov-980e3/versions/7b7510703068bcbf {"name":"projects/249283010080/sites/nizhgorodov-980e3/versions/7b7510703068bcbf","status":"FINALIZED","config":{"cleanUrls":true},"labels":{"deployment-tool":"cli-firebase"},"createTime":"2026-06-19T13:58:46.548924Z","createUser":{"email":"8900800700a@gmail.com"},"finalizeTime":"2026-06-19T13:59:51.440598Z","finalizeUser":{"email":"8900800700a@gmail.com"}}
[debug] [2026-06-19T13:59:51.623Z] [hosting] finalized version for nizhgorodov-980e3:[object Object]
[info] ✔  hosting[nizhgorodov-980e3]: version finalized 
[info] i  hosting[nizhgorodov-980e3]: releasing new version... 
[debug] [2026-06-19T13:59:51.624Z] Checked if tokens are valid: true, expires at: 1781879972894
[debug] [2026-06-19T13:59:51.624Z] Checked if tokens are valid: true, expires at: 1781879972894
[debug] [2026-06-19T13:59:51.624Z] >>> [apiv2][query] POST https://firebasehosting.googleapis.com/v1beta1/projects/-/sites/nizhgorodov-980e3/channels/live/releases versionName=projects%2F249283010080%2Fsites%2Fnizhgorodov-980e3%2Fversions%2F7b7510703068bcbf
[debug] [2026-06-19T13:59:51.624Z] >>> [apiv2][body] POST https://firebasehosting.googleapis.com/v1beta1/projects/-/sites/nizhgorodov-980e3/channels/live/releases {}
[debug] [2026-06-19T13:59:53.549Z] <<< [apiv2][status] POST https://firebasehosting.googleapis.com/v1beta1/projects/-/sites/nizhgorodov-980e3/channels/live/releases 200
[debug] [2026-06-19T13:59:53.549Z] <<< [apiv2][body] POST https://firebasehosting.googleapis.com/v1beta1/projects/-/sites/nizhgorodov-980e3/channels/live/releases {"name":"projects/249283010080/sites/nizhgorodov-980e3/channels/live/releases/1781877592437000","version":{"name":"projects/249283010080/sites/nizhgorodov-980e3/versions/7b7510703068bcbf","status":"FINALIZED","config":{"cleanUrls":true},"labels":{"deployment-tool":"cli-firebase"},"createTime":"2026-06-19T13:58:46.548924Z","createUser":{"email":"8900800700a@gmail.com","imageUrl":"https://lh3.googleusercontent.com/a/ACg8ocL_atsCL6wFE296dBchzV5cZaKTqVlSDOvpAgDzQ1bDpEjiudRv"},"finalizeTime":"2026-06-19T13:59:51.440598Z","finalizeUser":{"email":"8900800700a@gmail.com","imageUrl":"https://lh3.googleusercontent.com/a/ACg8ocL_atsCL6wFE296dBchzV5cZaKTqVlSDOvpAgDzQ1bDpEjiudRv"}},"type":"DEPLOY","releaseTime":"2026-06-19T13:59:52.437Z","releaseUser":{"email":"8900800700a@gmail.com","imageUrl":"https://lh3.googleusercontent.com/a/ACg8ocL_atsCL6wFE296dBchzV5cZaKTqVlSDOvpAgDzQ1bDpEjiudRv"}}
[debug] [2026-06-19T13:59:53.549Z] [hosting] release: {"name":"projects/249283010080/sites/nizhgorodov-980e3/channels/live/releases/1781877592437000","version":{"name":"projects/249283010080/sites/nizhgorodov-980e3/versions/7b7510703068bcbf","status":"FINALIZED","config":{"cleanUrls":true},"labels":{"deployment-tool":"cli-firebase"},"createTime":"2026-06-19T13:58:46.548924Z","createUser":{"email":"8900800700a@gmail.com","imageUrl":"https://lh3.googleusercontent.com/a/ACg8ocL_atsCL6wFE296dBchzV5cZaKTqVlSDOvpAgDzQ1bDpEjiudRv"},"finalizeTime":"2026-06-19T13:59:51.440598Z","finalizeUser":{"email":"8900800700a@gmail.com","imageUrl":"https://lh3.googleusercontent.com/a/ACg8ocL_atsCL6wFE296dBchzV5cZaKTqVlSDOvpAgDzQ1bDpEjiudRv"}},"type":"DEPLOY","releaseTime":"2026-06-19T13:59:52.437Z","releaseUser":{"email":"8900800700a@gmail.com","imageUrl":"https://lh3.googleusercontent.com/a/ACg8ocL_atsCL6wFE296dBchzV5cZaKTqVlSDOvpAgDzQ1bDpEjiudRv"}}
[info] ✔  hosting[nizhgorodov-980e3]: release complete 
[info] 
[info] ✔  Deploy complete! 
[info] 
[info] Project Console: https://console.firebase.google.com/project/nizhgorodov-980e3/overview
[info] Hosting URL: https://nizhgorodov-980e3.web.app
[debug] [2026-06-19T14:00:03.566Z] Error: Timed out.
    at Timeout._onTimeout (/opt/homebrew/lib/node_modules/firebase-tools/lib/utils.js:308:49)
    at listOnTimeout (node:internal/timers:605:17)
    at process.processTimers (node:internal/timers:541:7)
[error] 
[error] Error: An unexpected error has occurred.
[debug] [2026-06-19T14:19:12.397Z] ----------------------------------------------------------------------
[debug] [2026-06-19T14:19:12.398Z] Command:       /opt/homebrew/Cellar/node/25.2.1/bin/node /opt/homebrew/bin/firebase deploy --only hosting --project nizhgorodov-980e3 --non-interactive
[debug] [2026-06-19T14:19:12.398Z] CLI Version:   15.7.0
[debug] [2026-06-19T14:19:12.398Z] Platform:      darwin
[debug] [2026-06-19T14:19:12.398Z] Node Version:  v25.2.1
[debug] [2026-06-19T14:19:12.399Z] Time:          Fri Jun 19 2026 17:19:12 GMT+0300 (Moscow Standard Time)
[debug] [2026-06-19T14:19:12.399Z] ----------------------------------------------------------------------
[debug] 
[debug] [2026-06-19T14:19:12.943Z] > command requires scopes: ["email","openid","https://www.googleapis.com/auth/cloudplatformprojects.readonly","https://www.googleapis.com/auth/firebase","https://www.googleapis.com/auth/cloud-platform"]
[debug] [2026-06-19T14:19:12.943Z] > authorizing via signed-in user (8900800700a@gmail.com)
[debug] [2026-06-19T14:19:12.943Z] [iam] checking project nizhgorodov-980e3 for permissions ["firebase.projects.get","firebasehosting.sites.update"]
[debug] [2026-06-19T14:19:12.943Z] Checked if tokens are valid: true, expires at: 1781879972894
[debug] [2026-06-19T14:19:12.943Z] Checked if tokens are valid: true, expires at: 1781879972894
[debug] [2026-06-19T14:19:12.943Z] >>> [apiv2][query] POST https://cloudresourcemanager.googleapis.com/v1/projects/nizhgorodov-980e3:testIamPermissions [none]
[debug] [2026-06-19T14:19:12.943Z] >>> [apiv2][(partial)header] POST https://cloudresourcemanager.googleapis.com/v1/projects/nizhgorodov-980e3:testIamPermissions  x-goog-user-project=nizhgorodov-980e3
[debug] [2026-06-19T14:19:12.944Z] >>> [apiv2][body] POST https://cloudresourcemanager.googleapis.com/v1/projects/nizhgorodov-980e3:testIamPermissions {"permissions":["firebase.projects.get","firebasehosting.sites.update"]}
[debug] [2026-06-19T14:19:13.328Z] <<< [apiv2][status] POST https://cloudresourcemanager.googleapis.com/v1/projects/nizhgorodov-980e3:testIamPermissions 200
[debug] [2026-06-19T14:19:13.328Z] <<< [apiv2][body] POST https://cloudresourcemanager.googleapis.com/v1/projects/nizhgorodov-980e3:testIamPermissions {"permissions":["firebase.projects.get","firebasehosting.sites.update"]}
[debug] [2026-06-19T14:19:13.329Z] Checked if tokens are valid: true, expires at: 1781879972894
[debug] [2026-06-19T14:19:13.329Z] Checked if tokens are valid: true, expires at: 1781879972894
[debug] [2026-06-19T14:19:13.329Z] >>> [apiv2][query] GET https://firebase.googleapis.com/v1beta1/projects/nizhgorodov-980e3 [none]
[debug] [2026-06-19T14:19:20.246Z] <<< [apiv2][status] GET https://firebase.googleapis.com/v1beta1/projects/nizhgorodov-980e3 200
[debug] [2026-06-19T14:19:20.246Z] <<< [apiv2][body] GET https://firebase.googleapis.com/v1beta1/projects/nizhgorodov-980e3 {"projectId":"nizhgorodov-980e3","projectNumber":"249283010080","displayName":"nizhgorodov","name":"projects/nizhgorodov-980e3","resources":{"hostingSite":"nizhgorodov-980e3"},"state":"ACTIVE","etag":"1_bac89f22-5c13-4f38-9160-2f12bc9431ec"}
[info] 
[info] === Deploying to 'nizhgorodov-980e3'...
[info] 
[info] i  deploying hosting 
[debug] [2026-06-19T14:19:20.253Z] Checked if tokens are valid: true, expires at: 1781879972894
[debug] [2026-06-19T14:19:20.254Z] Checked if tokens are valid: true, expires at: 1781879972894
[debug] [2026-06-19T14:19:20.254Z] >>> [apiv2][query] POST https://firebasehosting.googleapis.com/v1beta1/projects/-/sites/nizhgorodov-980e3/versions [none]
[debug] [2026-06-19T14:19:20.254Z] >>> [apiv2][body] POST https://firebasehosting.googleapis.com/v1beta1/projects/-/sites/nizhgorodov-980e3/versions {"status":"CREATED","labels":{"deployment-tool":"cli-firebase"}}
[debug] [2026-06-19T14:19:22.506Z] <<< [apiv2][status] POST https://firebasehosting.googleapis.com/v1beta1/projects/-/sites/nizhgorodov-980e3/versions 200
[debug] [2026-06-19T14:19:22.506Z] <<< [apiv2][body] POST https://firebasehosting.googleapis.com/v1beta1/projects/-/sites/nizhgorodov-980e3/versions {"name":"projects/249283010080/sites/nizhgorodov-980e3/versions/5b6e1bc60a0f32f6","status":"CREATED","config":{},"labels":{"deployment-tool":"cli-firebase"}}
[info] i  hosting[nizhgorodov-980e3]: beginning deploy... 
[info] i  hosting[nizhgorodov-980e3]: found 37 files in build 
[debug] [2026-06-19T14:20:21.574Z] [hosting] uploading with 200 concurrency
[debug] [2026-06-19T14:20:21.591Z] Checked if tokens are valid: true, expires at: 1781879972894
[debug] [2026-06-19T14:20:21.591Z] Checked if tokens are valid: true, expires at: 1781879972894
[debug] [2026-06-19T14:20:21.592Z] [hosting] hash cache [YnVpbGQ] stored for 37 files
[debug] [2026-06-19T14:20:21.592Z] [hosting][hash queue][FINAL] {"max":13,"min":7,"avg":8.64864864864865,"active":0,"complete":37,"success":37,"errored":0,"retried":0,"total":37,"elapsed":17}
[debug] [2026-06-19T14:20:21.592Z] >>> [apiv2][query] POST https://firebasehosting.googleapis.com/v1beta1/projects/249283010080/sites/nizhgorodov-980e3/versions/5b6e1bc60a0f32f6:populateFiles [none]
[debug] [2026-06-19T14:20:21.592Z] >>> [apiv2][body] POST https://firebasehosting.googleapis.com/v1beta1/projects/249283010080/sites/nizhgorodov-980e3/versions/5b6e1bc60a0f32f6:populateFiles {"files":{"/sitemap.xml":"f0a957a7fa1d37bc39f58098f8471787ba219d45dbf5f8b1c09bb9598fab7b72","/robots.txt":"15ebd5eee987a7f1469e112cc57715051a3f94fb368fd1deb3fdde37dbead0db","/favicon.svg":"5d87b9a98aa1af4b6e0142691fb92d2134b02308438d571624b77dd291ad5ba8","/logo/yandex.svg":"73b2a6d464bff5f562a81d068acd5fec30a5894baf4ff5f018166494e3348780","/en.html":"e436f6ecf2cfb32e49c6656f4b3b9d0718d87de5adac27fab84cb8050fb64d01","/index.html":"bdae7ea37d0839df494449d854bc7c7e13f513b496494590c05603ac6b6eaa06","/logo/edya.svg":"b4d0b1000530f2062b459e4b9a6e114ca84095166ac4d5bc59dfff4a71ecf5b6","/_app/version.json":"160acc9b455813b6dbcccf616f9ef003b2853bc0d86dbc1c234bb11bc4e4881f","/_app/env.js":"b6422bbd2a0c5c86bc11dd510c32c124689f1abbb2498ede068c8222cf6cf07b","/_app/immutable/nodes/4.DzhlG6Nj.js":"52cbd65c69421c2e880635ec6f7e4acec213cb8eb67f2fbacadab00ad525648a","/logo/perfema.svg":"c70e76bf36b5a6b7916a091635477bce98665ab0c3041f8ac7fe9ea4525ce3b7","/_app/immutable/nodes/3.CLTKWV72.js":"4d7c1291bb43e7b8dc80d4770b38ff5a6d33a1f87f14adbc367fd4f704ae4073","/_app/immutable/nodes/2.D7nO4rmZ.js":"c799505aaaefbd1ef90f8a3915f5cc7996a84902a1f60573e87d646565ef66a4","/_app/immutable/nodes/1.BzOqQ1lM.js":"576103cb867ef3c9035cd2e4fa789c0b9baa00699ddaa767eddbade25eb2a95c","/_app/immutable/entry/start.DuP6RLJM.js":"2bb75e82b9fe4eda538ba8b3dae15511ab003763c023e13f2cc6da8ed378e7a3","/ru.html":"e32844f7098da6d1b975953ceb46341de125b98ec25b685732b0264247bc3626","/_app/immutable/chunks/DzIjh6CF.js":"8df83c25a56e89e2065a07b0a02e4838ce157628c0151c3c1ee1903cb3fa862d","/_app/immutable/nodes/0.BTaAVDy0.js":"7c865824d65fb5c40df58b76d56547b8e721e1c87add8e8562f582c282439146","/_app/immutable/entry/app.rw6BBNUT.js":"ef9adafb706faa94c3714d84518db1bb9b012452be797548766e92d3f7840477","/_app/immutable/chunks/D31jWU0K.js":"c52d8e97fbe488ef8b9c758152b7967b210083361c1419f5e9089298ab63bc64","/edu/hse.svg":"3616db159c4297adf63984895acf0b8d6c7de0e23dcbb61e9342d5643c55c1d2","/_app/immutable/chunks/Cr_JRmJ-.js":"2f2d49e99d9528e0155202a55cc465914c131ae3da7f90c933f497d09e3f5b9e","/_app/immutable/chunks/Cajj6GH7.js":"0b31cc1fb13edef02300df95256900b018549570a5f4dfbc65a3996bd6bda2d2","/_app/immutable/chunks/4VZVIoee.js":"55207c8910ace0cc8c74b046953979a1650ed776ad41cd735fbfa524be822cd2","/_app/immutable/chunks/BH-39wmD.js":"5624597365bc43e78c601f328a0fda93982f6a2b4adefe3c1d89d7b66ef3d0c2","/_app/immutable/chunks/Dsc91poX.js":"8844791ac4dd8462b0dd2e7a25ec085fb72af9ff157587a74f8e0cc4d78e21e1","/_app/immutable/assets/0.BldsFLqZ.css":"76e0ae7c1889166d70a9a51f8349845efeefec940f697601d67b987c3bd4703f","/_app/immutable/chunks/xecbjBSF.js":"98886f76f49ad1923fc199fab0133c0175df62228985637929d929efc232366e","/_app/immutable/chunks/BOl-L4Ar.js":"55c765b8bb581c6ecb29d4184f485d9b071dc2c4bbc462dd8bce35800b6cb85c","/_app/immutable/chunks/Dqm3sYPX.js":"72322cf4832198f8ea4eefc76f9c5d36c81d3b4b11f133571f4411a97365a6fa","/og.png":"20e3ff7d7b9a62cb4e8a5b759f9de9c1aa9fc28d889aedfefe566a5e619a57da","/edu/misis.png":"8dfbf865cc6f44ce3230afd34298d033edaea63c0b81e9cf9db4807607b75e03","/og-en.png":"96030b98dec44474932ec3f2025104bc0be993d9c5c4cd5bf42bffbd4b3f6171","/photo-2.jpg":"6c09a7dd27f85dcd21c883643a87186fd0ad7004bc2e0c1ff78d61c345ad6e3e","/photo-3.jpg":"128adaa4e24a4ef6f1aee4f0c7c177a04142290d7ed5b4fbb3fbd1ac290205c1","/photo-1.jpg":"98bec2a7adc2cb497cee250b2264cd0675e5ffaad135d3cf3bf62a6d19f0730d","/avatar.jpg":"98bec2a7adc2cb497cee250b2264cd0675e5ffaad135d3cf3bf62a6d19f0730d"}}
[debug] [2026-06-19T14:20:23.084Z] <<< [apiv2][status] POST https://firebasehosting.googleapis.com/v1beta1/projects/249283010080/sites/nizhgorodov-980e3/versions/5b6e1bc60a0f32f6:populateFiles 200
[debug] [2026-06-19T14:20:23.084Z] <<< [apiv2][body] POST https://firebasehosting.googleapis.com/v1beta1/projects/249283010080/sites/nizhgorodov-980e3/versions/5b6e1bc60a0f32f6:populateFiles {"uploadRequiredHashes":["52cbd65c69421c2e880635ec6f7e4acec213cb8eb67f2fbacadab00ad525648a","c52d8e97fbe488ef8b9c758152b7967b210083361c1419f5e9089298ab63bc64","55c765b8bb581c6ecb29d4184f485d9b071dc2c4bbc462dd8bce35800b6cb85c","2f2d49e99d9528e0155202a55cc465914c131ae3da7f90c933f497d09e3f5b9e","160acc9b455813b6dbcccf616f9ef003b2853bc0d86dbc1c234bb11bc4e4881f","4d7c1291bb43e7b8dc80d4770b38ff5a6d33a1f87f14adbc367fd4f704ae4073","0b31cc1fb13edef02300df95256900b018549570a5f4dfbc65a3996bd6bda2d2","5624597365bc43e78c601f328a0fda93982f6a2b4adefe3c1d89d7b66ef3d0c2","98886f76f49ad1923fc199fab0133c0175df62228985637929d929efc232366e","8df83c25a56e89e2065a07b0a02e4838ce157628c0151c3c1ee1903cb3fa862d","72322cf4832198f8ea4eefc76f9c5d36c81d3b4b11f133571f4411a97365a6fa","bdae7ea37d0839df494449d854bc7c7e13f513b496494590c05603ac6b6eaa06","e436f6ecf2cfb32e49c6656f4b3b9d0718d87de5adac27fab84cb8050fb64d01","7c865824d65fb5c40df58b76d56547b8e721e1c87add8e8562f582c282439146","ef9adafb706faa94c3714d84518db1bb9b012452be797548766e92d3f7840477","c799505aaaefbd1ef90f8a3915f5cc7996a84902a1f60573e87d646565ef66a4","2bb75e82b9fe4eda538ba8b3dae15511ab003763c023e13f2cc6da8ed378e7a3","e32844f7098da6d1b975953ceb46341de125b98ec25b685732b0264247bc3626","55207c8910ace0cc8c74b046953979a1650ed776ad41cd735fbfa524be822cd2","8844791ac4dd8462b0dd2e7a25ec085fb72af9ff157587a74f8e0cc4d78e21e1","576103cb867ef3c9035cd2e4fa789c0b9baa00699ddaa767eddbade25eb2a95c"],"uploadUrl":"https://upload-firebasehosting.googleapis.com/upload/sites/nizhgorodov-980e3/versions/5b6e1bc60a0f32f6/files"}
[debug] [2026-06-19T14:20:23.085Z] Checked if tokens are valid: true, expires at: 1781879972894
[debug] [2026-06-19T14:20:23.085Z] Checked if tokens are valid: true, expires at: 1781879972894
[debug] [2026-06-19T14:20:23.086Z] Checked if tokens are valid: true, expires at: 1781879972894
[debug] [2026-06-19T14:20:23.086Z] Checked if tokens are valid: true, expires at: 1781879972894
[debug] [2026-06-19T14:20:23.086Z] Checked if tokens are valid: true, expires at: 1781879972894
[debug] [2026-06-19T14:20:23.086Z] Checked if tokens are valid: true, expires at: 1781879972894
[debug] [2026-06-19T14:20:23.086Z] Checked if tokens are valid: true, expires at: 1781879972894
[debug] [2026-06-19T14:20:23.086Z] Checked if tokens are valid: true, expires at: 1781879972894
[debug] [2026-06-19T14:20:23.086Z] Checked if tokens are valid: true, expires at: 1781879972894
[debug] [2026-06-19T14:20:23.086Z] Checked if tokens are valid: true, expires at: 1781879972894
[debug] [2026-06-19T14:20:23.086Z] Checked if tokens are valid: true, expires at: 1781879972894
[debug] [2026-06-19T14:20:23.086Z] Checked if tokens are valid: true, expires at: 1781879972894
[debug] [2026-06-19T14:20:23.086Z] Checked if tokens are valid: true, expires at: 1781879972894
[debug] [2026-06-19T14:20:23.086Z] Checked if tokens are valid: true, expires at: 1781879972894
[debug] [2026-06-19T14:20:23.087Z] Checked if tokens are valid: true, expires at: 1781879972894
[debug] [2026-06-19T14:20:23.087Z] Checked if tokens are valid: true, expires at: 1781879972894
[debug] [2026-06-19T14:20:23.087Z] Checked if tokens are valid: true, expires at: 1781879972894
[debug] [2026-06-19T14:20:23.087Z] Checked if tokens are valid: true, expires at: 1781879972894
[debug] [2026-06-19T14:20:23.087Z] Checked if tokens are valid: true, expires at: 1781879972894
[debug] [2026-06-19T14:20:23.087Z] Checked if tokens are valid: true, expires at: 1781879972894
[debug] [2026-06-19T14:20:23.087Z] Checked if tokens are valid: true, expires at: 1781879972894
[debug] [2026-06-19T14:20:23.087Z] Checked if tokens are valid: true, expires at: 1781879972894
[debug] [2026-06-19T14:20:23.087Z] Checked if tokens are valid: true, expires at: 1781879972894
[debug] [2026-06-19T14:20:23.087Z] Checked if tokens are valid: true, expires at: 1781879972894
[debug] [2026-06-19T14:20:23.087Z] Checked if tokens are valid: true, expires at: 1781879972894
[debug] [2026-06-19T14:20:23.087Z] Checked if tokens are valid: true, expires at: 1781879972894
[debug] [2026-06-19T14:20:23.087Z] Checked if tokens are valid: true, expires at: 1781879972894
[debug] [2026-06-19T14:20:23.088Z] Checked if tokens are valid: true, expires at: 1781879972894
[debug] [2026-06-19T14:20:23.088Z] Checked if tokens are valid: true, expires at: 1781879972894
[debug] [2026-06-19T14:20:23.088Z] Checked if tokens are valid: true, expires at: 1781879972894
[debug] [2026-06-19T14:20:23.088Z] Checked if tokens are valid: true, expires at: 1781879972894
[debug] [2026-06-19T14:20:23.088Z] Checked if tokens are valid: true, expires at: 1781879972894
[debug] [2026-06-19T14:20:23.088Z] Checked if tokens are valid: true, expires at: 1781879972894
[debug] [2026-06-19T14:20:23.088Z] Checked if tokens are valid: true, expires at: 1781879972894
[debug] [2026-06-19T14:20:23.088Z] Checked if tokens are valid: true, expires at: 1781879972894
[debug] [2026-06-19T14:20:23.088Z] Checked if tokens are valid: true, expires at: 1781879972894
[debug] [2026-06-19T14:20:23.088Z] Checked if tokens are valid: true, expires at: 1781879972894
[debug] [2026-06-19T14:20:23.088Z] Checked if tokens are valid: true, expires at: 1781879972894
[debug] [2026-06-19T14:20:23.088Z] Checked if tokens are valid: true, expires at: 1781879972894
[debug] [2026-06-19T14:20:23.088Z] Checked if tokens are valid: true, expires at: 1781879972894
[debug] [2026-06-19T14:20:23.088Z] Checked if tokens are valid: true, expires at: 1781879972894
[debug] [2026-06-19T14:20:23.088Z] Checked if tokens are valid: true, expires at: 1781879972894
[debug] [2026-06-19T14:20:23.088Z] >>> [apiv2][query] POST https://upload-firebasehosting.googleapis.com/upload/sites/nizhgorodov-980e3/versions/5b6e1bc60a0f32f6/files/52cbd65c69421c2e880635ec6f7e4acec213cb8eb67f2fbacadab00ad525648a [none]
[debug] [2026-06-19T14:20:23.088Z] >>> [apiv2][body] POST https://upload-firebasehosting.googleapis.com/upload/sites/nizhgorodov-980e3/versions/5b6e1bc60a0f32f6/files/52cbd65c69421c2e880635ec6f7e4acec213cb8eb67f2fbacadab00ad525648a [stream]
[debug] [2026-06-19T14:20:23.090Z] >>> [apiv2][query] POST https://upload-firebasehosting.googleapis.com/upload/sites/nizhgorodov-980e3/versions/5b6e1bc60a0f32f6/files/c52d8e97fbe488ef8b9c758152b7967b210083361c1419f5e9089298ab63bc64 [none]
[debug] [2026-06-19T14:20:23.090Z] >>> [apiv2][body] POST https://upload-firebasehosting.googleapis.com/upload/sites/nizhgorodov-980e3/versions/5b6e1bc60a0f32f6/files/c52d8e97fbe488ef8b9c758152b7967b210083361c1419f5e9089298ab63bc64 [stream]
[debug] [2026-06-19T14:20:23.091Z] >>> [apiv2][query] POST https://upload-firebasehosting.googleapis.com/upload/sites/nizhgorodov-980e3/versions/5b6e1bc60a0f32f6/files/55c765b8bb581c6ecb29d4184f485d9b071dc2c4bbc462dd8bce35800b6cb85c [none]
[debug] [2026-06-19T14:20:23.091Z] >>> [apiv2][body] POST https://upload-firebasehosting.googleapis.com/upload/sites/nizhgorodov-980e3/versions/5b6e1bc60a0f32f6/files/55c765b8bb581c6ecb29d4184f485d9b071dc2c4bbc462dd8bce35800b6cb85c [stream]
[debug] [2026-06-19T14:20:23.092Z] >>> [apiv2][query] POST https://upload-firebasehosting.googleapis.com/upload/sites/nizhgorodov-980e3/versions/5b6e1bc60a0f32f6/files/2f2d49e99d9528e0155202a55cc465914c131ae3da7f90c933f497d09e3f5b9e [none]
[debug] [2026-06-19T14:20:23.092Z] >>> [apiv2][body] POST https://upload-firebasehosting.googleapis.com/upload/sites/nizhgorodov-980e3/versions/5b6e1bc60a0f32f6/files/2f2d49e99d9528e0155202a55cc465914c131ae3da7f90c933f497d09e3f5b9e [stream]
[debug] [2026-06-19T14:20:23.092Z] >>> [apiv2][query] POST https://upload-firebasehosting.googleapis.com/upload/sites/nizhgorodov-980e3/versions/5b6e1bc60a0f32f6/files/160acc9b455813b6dbcccf616f9ef003b2853bc0d86dbc1c234bb11bc4e4881f [none]
[debug] [2026-06-19T14:20:23.092Z] >>> [apiv2][body] POST https://upload-firebasehosting.googleapis.com/upload/sites/nizhgorodov-980e3/versions/5b6e1bc60a0f32f6/files/160acc9b455813b6dbcccf616f9ef003b2853bc0d86dbc1c234bb11bc4e4881f [stream]
[debug] [2026-06-19T14:20:23.093Z] >>> [apiv2][query] POST https://upload-firebasehosting.googleapis.com/upload/sites/nizhgorodov-980e3/versions/5b6e1bc60a0f32f6/files/4d7c1291bb43e7b8dc80d4770b38ff5a6d33a1f87f14adbc367fd4f704ae4073 [none]
[debug] [2026-06-19T14:20:23.093Z] >>> [apiv2][body] POST https://upload-firebasehosting.googleapis.com/upload/sites/nizhgorodov-980e3/versions/5b6e1bc60a0f32f6/files/4d7c1291bb43e7b8dc80d4770b38ff5a6d33a1f87f14adbc367fd4f704ae4073 [stream]
[debug] [2026-06-19T14:20:23.094Z] >>> [apiv2][query] POST https://upload-firebasehosting.googleapis.com/upload/sites/nizhgorodov-980e3/versions/5b6e1bc60a0f32f6/files/0b31cc1fb13edef02300df95256900b018549570a5f4dfbc65a3996bd6bda2d2 [none]
[debug] [2026-06-19T14:20:23.094Z] >>> [apiv2][body] POST https://upload-firebasehosting.googleapis.com/upload/sites/nizhgorodov-980e3/versions/5b6e1bc60a0f32f6/files/0b31cc1fb13edef02300df95256900b018549570a5f4dfbc65a3996bd6bda2d2 [stream]
[debug] [2026-06-19T14:20:23.094Z] >>> [apiv2][query] POST https://upload-firebasehosting.googleapis.com/upload/sites/nizhgorodov-980e3/versions/5b6e1bc60a0f32f6/files/5624597365bc43e78c601f328a0fda93982f6a2b4adefe3c1d89d7b66ef3d0c2 [none]
[debug] [2026-06-19T14:20:23.094Z] >>> [apiv2][body] POST https://upload-firebasehosting.googleapis.com/upload/sites/nizhgorodov-980e3/versions/5b6e1bc60a0f32f6/files/5624597365bc43e78c601f328a0fda93982f6a2b4adefe3c1d89d7b66ef3d0c2 [stream]
[debug] [2026-06-19T14:20:23.095Z] >>> [apiv2][query] POST https://upload-firebasehosting.googleapis.com/upload/sites/nizhgorodov-980e3/versions/5b6e1bc60a0f32f6/files/98886f76f49ad1923fc199fab0133c0175df62228985637929d929efc232366e [none]
[debug] [2026-06-19T14:20:23.095Z] >>> [apiv2][body] POST https://upload-firebasehosting.googleapis.com/upload/sites/nizhgorodov-980e3/versions/5b6e1bc60a0f32f6/files/98886f76f49ad1923fc199fab0133c0175df62228985637929d929efc232366e [stream]
[debug] [2026-06-19T14:20:23.095Z] >>> [apiv2][query] POST https://upload-firebasehosting.googleapis.com/upload/sites/nizhgorodov-980e3/versions/5b6e1bc60a0f32f6/files/8df83c25a56e89e2065a07b0a02e4838ce157628c0151c3c1ee1903cb3fa862d [none]
[debug] [2026-06-19T14:20:23.095Z] >>> [apiv2][body] POST https://upload-firebasehosting.googleapis.com/upload/sites/nizhgorodov-980e3/versions/5b6e1bc60a0f32f6/files/8df83c25a56e89e2065a07b0a02e4838ce157628c0151c3c1ee1903cb3fa862d [stream]
[debug] [2026-06-19T14:20:23.096Z] >>> [apiv2][query] POST https://upload-firebasehosting.googleapis.com/upload/sites/nizhgorodov-980e3/versions/5b6e1bc60a0f32f6/files/72322cf4832198f8ea4eefc76f9c5d36c81d3b4b11f133571f4411a97365a6fa [none]
[debug] [2026-06-19T14:20:23.096Z] >>> [apiv2][body] POST https://upload-firebasehosting.googleapis.com/upload/sites/nizhgorodov-980e3/versions/5b6e1bc60a0f32f6/files/72322cf4832198f8ea4eefc76f9c5d36c81d3b4b11f133571f4411a97365a6fa [stream]
[debug] [2026-06-19T14:20:23.096Z] >>> [apiv2][query] POST https://upload-firebasehosting.googleapis.com/upload/sites/nizhgorodov-980e3/versions/5b6e1bc60a0f32f6/files/bdae7ea37d0839df494449d854bc7c7e13f513b496494590c05603ac6b6eaa06 [none]
[debug] [2026-06-19T14:20:23.096Z] >>> [apiv2][body] POST https://upload-firebasehosting.googleapis.com/upload/sites/nizhgorodov-980e3/versions/5b6e1bc60a0f32f6/files/bdae7ea37d0839df494449d854bc7c7e13f513b496494590c05603ac6b6eaa06 [stream]
[debug] [2026-06-19T14:20:23.096Z] >>> [apiv2][query] POST https://upload-firebasehosting.googleapis.com/upload/sites/nizhgorodov-980e3/versions/5b6e1bc60a0f32f6/files/e436f6ecf2cfb32e49c6656f4b3b9d0718d87de5adac27fab84cb8050fb64d01 [none]
[debug] [2026-06-19T14:20:23.096Z] >>> [apiv2][body] POST https://upload-firebasehosting.googleapis.com/upload/sites/nizhgorodov-980e3/versions/5b6e1bc60a0f32f6/files/e436f6ecf2cfb32e49c6656f4b3b9d0718d87de5adac27fab84cb8050fb64d01 [stream]
[debug] [2026-06-19T14:20:23.097Z] >>> [apiv2][query] POST https://upload-firebasehosting.googleapis.com/upload/sites/nizhgorodov-980e3/versions/5b6e1bc60a0f32f6/files/7c865824d65fb5c40df58b76d56547b8e721e1c87add8e8562f582c282439146 [none]
[debug] [2026-06-19T14:20:23.097Z] >>> [apiv2][body] POST https://upload-firebasehosting.googleapis.com/upload/sites/nizhgorodov-980e3/versions/5b6e1bc60a0f32f6/files/7c865824d65fb5c40df58b76d56547b8e721e1c87add8e8562f582c282439146 [stream]
[debug] [2026-06-19T14:20:23.097Z] >>> [apiv2][query] POST https://upload-firebasehosting.googleapis.com/upload/sites/nizhgorodov-980e3/versions/5b6e1bc60a0f32f6/files/ef9adafb706faa94c3714d84518db1bb9b012452be797548766e92d3f7840477 [none]
[debug] [2026-06-19T14:20:23.097Z] >>> [apiv2][body] POST https://upload-firebasehosting.googleapis.com/upload/sites/nizhgorodov-980e3/versions/5b6e1bc60a0f32f6/files/ef9adafb706faa94c3714d84518db1bb9b012452be797548766e92d3f7840477 [stream]
[debug] [2026-06-19T14:20:23.098Z] >>> [apiv2][query] POST https://upload-firebasehosting.googleapis.com/upload/sites/nizhgorodov-980e3/versions/5b6e1bc60a0f32f6/files/c799505aaaefbd1ef90f8a3915f5cc7996a84902a1f60573e87d646565ef66a4 [none]
[debug] [2026-06-19T14:20:23.098Z] >>> [apiv2][body] POST https://upload-firebasehosting.googleapis.com/upload/sites/nizhgorodov-980e3/versions/5b6e1bc60a0f32f6/files/c799505aaaefbd1ef90f8a3915f5cc7996a84902a1f60573e87d646565ef66a4 [stream]
[debug] [2026-06-19T14:20:23.099Z] >>> [apiv2][query] POST https://upload-firebasehosting.googleapis.com/upload/sites/nizhgorodov-980e3/versions/5b6e1bc60a0f32f6/files/2bb75e82b9fe4eda538ba8b3dae15511ab003763c023e13f2cc6da8ed378e7a3 [none]
[debug] [2026-06-19T14:20:23.099Z] >>> [apiv2][body] POST https://upload-firebasehosting.googleapis.com/upload/sites/nizhgorodov-980e3/versions/5b6e1bc60a0f32f6/files/2bb75e82b9fe4eda538ba8b3dae15511ab003763c023e13f2cc6da8ed378e7a3 [stream]
[debug] [2026-06-19T14:20:23.099Z] >>> [apiv2][query] POST https://upload-firebasehosting.googleapis.com/upload/sites/nizhgorodov-980e3/versions/5b6e1bc60a0f32f6/files/e32844f7098da6d1b975953ceb46341de125b98ec25b685732b0264247bc3626 [none]
[debug] [2026-06-19T14:20:23.099Z] >>> [apiv2][body] POST https://upload-firebasehosting.googleapis.com/upload/sites/nizhgorodov-980e3/versions/5b6e1bc60a0f32f6/files/e32844f7098da6d1b975953ceb46341de125b98ec25b685732b0264247bc3626 [stream]
[debug] [2026-06-19T14:20:23.100Z] >>> [apiv2][query] POST https://upload-firebasehosting.googleapis.com/upload/sites/nizhgorodov-980e3/versions/5b6e1bc60a0f32f6/files/55207c8910ace0cc8c74b046953979a1650ed776ad41cd735fbfa524be822cd2 [none]
[debug] [2026-06-19T14:20:23.100Z] >>> [apiv2][body] POST https://upload-firebasehosting.googleapis.com/upload/sites/nizhgorodov-980e3/versions/5b6e1bc60a0f32f6/files/55207c8910ace0cc8c74b046953979a1650ed776ad41cd735fbfa524be822cd2 [stream]
[debug] [2026-06-19T14:20:23.100Z] >>> [apiv2][query] POST https://upload-firebasehosting.googleapis.com/upload/sites/nizhgorodov-980e3/versions/5b6e1bc60a0f32f6/files/8844791ac4dd8462b0dd2e7a25ec085fb72af9ff157587a74f8e0cc4d78e21e1 [none]
[debug] [2026-06-19T14:20:23.100Z] >>> [apiv2][body] POST https://upload-firebasehosting.googleapis.com/upload/sites/nizhgorodov-980e3/versions/5b6e1bc60a0f32f6/files/8844791ac4dd8462b0dd2e7a25ec085fb72af9ff157587a74f8e0cc4d78e21e1 [stream]
[debug] [2026-06-19T14:20:23.101Z] >>> [apiv2][query] POST https://upload-firebasehosting.googleapis.com/upload/sites/nizhgorodov-980e3/versions/5b6e1bc60a0f32f6/files/576103cb867ef3c9035cd2e4fa789c0b9baa00699ddaa767eddbade25eb2a95c [none]
[debug] [2026-06-19T14:20:23.101Z] >>> [apiv2][body] POST https://upload-firebasehosting.googleapis.com/upload/sites/nizhgorodov-980e3/versions/5b6e1bc60a0f32f6/files/576103cb867ef3c9035cd2e4fa789c0b9baa00699ddaa767eddbade25eb2a95c [stream]
[debug] [2026-06-19T14:20:23.101Z] [hosting][populate queue][FINAL] {"max":1497,"min":1497,"avg":1497,"active":0,"complete":1,"success":1,"errored":0,"retried":0,"total":1,"elapsed":1510}
[debug] [2026-06-19T14:20:23.101Z] [hosting] uploads queued: 21
[info] i  hosting: uploading new files [0/21] (0%) 
[debug] [2026-06-19T14:20:24.373Z] <<< [apiv2][status] POST https://upload-firebasehosting.googleapis.com/upload/sites/nizhgorodov-980e3/versions/5b6e1bc60a0f32f6/files/8df83c25a56e89e2065a07b0a02e4838ce157628c0151c3c1ee1903cb3fa862d 200
[debug] [2026-06-19T14:20:24.373Z] <<< [apiv2][body] POST https://upload-firebasehosting.googleapis.com/upload/sites/nizhgorodov-980e3/versions/5b6e1bc60a0f32f6/files/8df83c25a56e89e2065a07b0a02e4838ce157628c0151c3c1ee1903cb3fa862d [stream]
[debug] [2026-06-19T14:20:24.380Z] <<< [apiv2][status] POST https://upload-firebasehosting.googleapis.com/upload/sites/nizhgorodov-980e3/versions/5b6e1bc60a0f32f6/files/55207c8910ace0cc8c74b046953979a1650ed776ad41cd735fbfa524be822cd2 200
[debug] [2026-06-19T14:20:24.380Z] <<< [apiv2][body] POST https://upload-firebasehosting.googleapis.com/upload/sites/nizhgorodov-980e3/versions/5b6e1bc60a0f32f6/files/55207c8910ace0cc8c74b046953979a1650ed776ad41cd735fbfa524be822cd2 [stream]
[debug] [2026-06-19T14:20:24.399Z] <<< [apiv2][status] POST https://upload-firebasehosting.googleapis.com/upload/sites/nizhgorodov-980e3/versions/5b6e1bc60a0f32f6/files/55c765b8bb581c6ecb29d4184f485d9b071dc2c4bbc462dd8bce35800b6cb85c 200
[debug] [2026-06-19T14:20:24.399Z] <<< [apiv2][body] POST https://upload-firebasehosting.googleapis.com/upload/sites/nizhgorodov-980e3/versions/5b6e1bc60a0f32f6/files/55c765b8bb581c6ecb29d4184f485d9b071dc2c4bbc462dd8bce35800b6cb85c [stream]
[debug] [2026-06-19T14:20:24.402Z] <<< [apiv2][status] POST https://upload-firebasehosting.googleapis.com/upload/sites/nizhgorodov-980e3/versions/5b6e1bc60a0f32f6/files/2bb75e82b9fe4eda538ba8b3dae15511ab003763c023e13f2cc6da8ed378e7a3 200
[debug] [2026-06-19T14:20:24.402Z] <<< [apiv2][body] POST https://upload-firebasehosting.googleapis.com/upload/sites/nizhgorodov-980e3/versions/5b6e1bc60a0f32f6/files/2bb75e82b9fe4eda538ba8b3dae15511ab003763c023e13f2cc6da8ed378e7a3 [stream]
[debug] [2026-06-19T14:20:24.405Z] <<< [apiv2][status] POST https://upload-firebasehosting.googleapis.com/upload/sites/nizhgorodov-980e3/versions/5b6e1bc60a0f32f6/files/0b31cc1fb13edef02300df95256900b018549570a5f4dfbc65a3996bd6bda2d2 200
[debug] [2026-06-19T14:20:24.405Z] <<< [apiv2][body] POST https://upload-firebasehosting.googleapis.com/upload/sites/nizhgorodov-980e3/versions/5b6e1bc60a0f32f6/files/0b31cc1fb13edef02300df95256900b018549570a5f4dfbc65a3996bd6bda2d2 [stream]
[debug] [2026-06-19T14:20:24.412Z] <<< [apiv2][status] POST https://upload-firebasehosting.googleapis.com/upload/sites/nizhgorodov-980e3/versions/5b6e1bc60a0f32f6/files/c52d8e97fbe488ef8b9c758152b7967b210083361c1419f5e9089298ab63bc64 200
[debug] [2026-06-19T14:20:24.412Z] <<< [apiv2][body] POST https://upload-firebasehosting.googleapis.com/upload/sites/nizhgorodov-980e3/versions/5b6e1bc60a0f32f6/files/c52d8e97fbe488ef8b9c758152b7967b210083361c1419f5e9089298ab63bc64 [stream]
[debug] [2026-06-19T14:20:24.422Z] <<< [apiv2][status] POST https://upload-firebasehosting.googleapis.com/upload/sites/nizhgorodov-980e3/versions/5b6e1bc60a0f32f6/files/160acc9b455813b6dbcccf616f9ef003b2853bc0d86dbc1c234bb11bc4e4881f 200
[debug] [2026-06-19T14:20:24.422Z] <<< [apiv2][body] POST https://upload-firebasehosting.googleapis.com/upload/sites/nizhgorodov-980e3/versions/5b6e1bc60a0f32f6/files/160acc9b455813b6dbcccf616f9ef003b2853bc0d86dbc1c234bb11bc4e4881f [stream]
[debug] [2026-06-19T14:20:24.434Z] <<< [apiv2][status] POST https://upload-firebasehosting.googleapis.com/upload/sites/nizhgorodov-980e3/versions/5b6e1bc60a0f32f6/files/52cbd65c69421c2e880635ec6f7e4acec213cb8eb67f2fbacadab00ad525648a 200
[debug] [2026-06-19T14:20:24.435Z] <<< [apiv2][body] POST https://upload-firebasehosting.googleapis.com/upload/sites/nizhgorodov-980e3/versions/5b6e1bc60a0f32f6/files/52cbd65c69421c2e880635ec6f7e4acec213cb8eb67f2fbacadab00ad525648a [stream]
[debug] [2026-06-19T14:20:24.479Z] <<< [apiv2][status] POST https://upload-firebasehosting.googleapis.com/upload/sites/nizhgorodov-980e3/versions/5b6e1bc60a0f32f6/files/bdae7ea37d0839df494449d854bc7c7e13f513b496494590c05603ac6b6eaa06 200
[debug] [2026-06-19T14:20:24.479Z] <<< [apiv2][body] POST https://upload-firebasehosting.googleapis.com/upload/sites/nizhgorodov-980e3/versions/5b6e1bc60a0f32f6/files/bdae7ea37d0839df494449d854bc7c7e13f513b496494590c05603ac6b6eaa06 [stream]
[debug] [2026-06-19T14:20:24.488Z] <<< [apiv2][status] POST https://upload-firebasehosting.googleapis.com/upload/sites/nizhgorodov-980e3/versions/5b6e1bc60a0f32f6/files/7c865824d65fb5c40df58b76d56547b8e721e1c87add8e8562f582c282439146 200
[debug] [2026-06-19T14:20:24.488Z] <<< [apiv2][body] POST https://upload-firebasehosting.googleapis.com/upload/sites/nizhgorodov-980e3/versions/5b6e1bc60a0f32f6/files/7c865824d65fb5c40df58b76d56547b8e721e1c87add8e8562f582c282439146 [stream]
[debug] [2026-06-19T14:20:24.507Z] <<< [apiv2][status] POST https://upload-firebasehosting.googleapis.com/upload/sites/nizhgorodov-980e3/versions/5b6e1bc60a0f32f6/files/2f2d49e99d9528e0155202a55cc465914c131ae3da7f90c933f497d09e3f5b9e 200
[debug] [2026-06-19T14:20:24.507Z] <<< [apiv2][body] POST https://upload-firebasehosting.googleapis.com/upload/sites/nizhgorodov-980e3/versions/5b6e1bc60a0f32f6/files/2f2d49e99d9528e0155202a55cc465914c131ae3da7f90c933f497d09e3f5b9e [stream]
[debug] [2026-06-19T14:20:24.536Z] <<< [apiv2][status] POST https://upload-firebasehosting.googleapis.com/upload/sites/nizhgorodov-980e3/versions/5b6e1bc60a0f32f6/files/4d7c1291bb43e7b8dc80d4770b38ff5a6d33a1f87f14adbc367fd4f704ae4073 200
[debug] [2026-06-19T14:20:24.536Z] <<< [apiv2][body] POST https://upload-firebasehosting.googleapis.com/upload/sites/nizhgorodov-980e3/versions/5b6e1bc60a0f32f6/files/4d7c1291bb43e7b8dc80d4770b38ff5a6d33a1f87f14adbc367fd4f704ae4073 [stream]
[debug] [2026-06-19T14:20:24.545Z] <<< [apiv2][status] POST https://upload-firebasehosting.googleapis.com/upload/sites/nizhgorodov-980e3/versions/5b6e1bc60a0f32f6/files/e436f6ecf2cfb32e49c6656f4b3b9d0718d87de5adac27fab84cb8050fb64d01 200
[debug] [2026-06-19T14:20:24.545Z] <<< [apiv2][body] POST https://upload-firebasehosting.googleapis.com/upload/sites/nizhgorodov-980e3/versions/5b6e1bc60a0f32f6/files/e436f6ecf2cfb32e49c6656f4b3b9d0718d87de5adac27fab84cb8050fb64d01 [stream]
[debug] [2026-06-19T14:20:24.584Z] <<< [apiv2][status] POST https://upload-firebasehosting.googleapis.com/upload/sites/nizhgorodov-980e3/versions/5b6e1bc60a0f32f6/files/ef9adafb706faa94c3714d84518db1bb9b012452be797548766e92d3f7840477 200
[debug] [2026-06-19T14:20:24.585Z] <<< [apiv2][body] POST https://upload-firebasehosting.googleapis.com/upload/sites/nizhgorodov-980e3/versions/5b6e1bc60a0f32f6/files/ef9adafb706faa94c3714d84518db1bb9b012452be797548766e92d3f7840477 [stream]
[debug] [2026-06-19T14:20:24.585Z] <<< [apiv2][status] POST https://upload-firebasehosting.googleapis.com/upload/sites/nizhgorodov-980e3/versions/5b6e1bc60a0f32f6/files/c799505aaaefbd1ef90f8a3915f5cc7996a84902a1f60573e87d646565ef66a4 200
[debug] [2026-06-19T14:20:24.585Z] <<< [apiv2][body] POST https://upload-firebasehosting.googleapis.com/upload/sites/nizhgorodov-980e3/versions/5b6e1bc60a0f32f6/files/c799505aaaefbd1ef90f8a3915f5cc7996a84902a1f60573e87d646565ef66a4 [stream]
[debug] [2026-06-19T14:20:24.682Z] <<< [apiv2][status] POST https://upload-firebasehosting.googleapis.com/upload/sites/nizhgorodov-980e3/versions/5b6e1bc60a0f32f6/files/72322cf4832198f8ea4eefc76f9c5d36c81d3b4b11f133571f4411a97365a6fa 200
[debug] [2026-06-19T14:20:24.682Z] <<< [apiv2][body] POST https://upload-firebasehosting.googleapis.com/upload/sites/nizhgorodov-980e3/versions/5b6e1bc60a0f32f6/files/72322cf4832198f8ea4eefc76f9c5d36c81d3b4b11f133571f4411a97365a6fa [stream]
[debug] [2026-06-19T14:20:24.771Z] <<< [apiv2][status] POST https://upload-firebasehosting.googleapis.com/upload/sites/nizhgorodov-980e3/versions/5b6e1bc60a0f32f6/files/5624597365bc43e78c601f328a0fda93982f6a2b4adefe3c1d89d7b66ef3d0c2 200
[debug] [2026-06-19T14:20:24.771Z] <<< [apiv2][body] POST https://upload-firebasehosting.googleapis.com/upload/sites/nizhgorodov-980e3/versions/5b6e1bc60a0f32f6/files/5624597365bc43e78c601f328a0fda93982f6a2b4adefe3c1d89d7b66ef3d0c2 [stream]
[debug] [2026-06-19T14:20:24.899Z] <<< [apiv2][status] POST https://upload-firebasehosting.googleapis.com/upload/sites/nizhgorodov-980e3/versions/5b6e1bc60a0f32f6/files/e32844f7098da6d1b975953ceb46341de125b98ec25b685732b0264247bc3626 200
[debug] [2026-06-19T14:20:24.899Z] <<< [apiv2][body] POST https://upload-firebasehosting.googleapis.com/upload/sites/nizhgorodov-980e3/versions/5b6e1bc60a0f32f6/files/e32844f7098da6d1b975953ceb46341de125b98ec25b685732b0264247bc3626 [stream]
[debug] [2026-06-19T14:20:24.900Z] <<< [apiv2][status] POST https://upload-firebasehosting.googleapis.com/upload/sites/nizhgorodov-980e3/versions/5b6e1bc60a0f32f6/files/98886f76f49ad1923fc199fab0133c0175df62228985637929d929efc232366e 200
[debug] [2026-06-19T14:20:24.900Z] <<< [apiv2][body] POST https://upload-firebasehosting.googleapis.com/upload/sites/nizhgorodov-980e3/versions/5b6e1bc60a0f32f6/files/98886f76f49ad1923fc199fab0133c0175df62228985637929d929efc232366e [stream]
[debug] [2026-06-19T14:20:24.902Z] <<< [apiv2][status] POST https://upload-firebasehosting.googleapis.com/upload/sites/nizhgorodov-980e3/versions/5b6e1bc60a0f32f6/files/8844791ac4dd8462b0dd2e7a25ec085fb72af9ff157587a74f8e0cc4d78e21e1 200
[debug] [2026-06-19T14:20:24.902Z] <<< [apiv2][body] POST https://upload-firebasehosting.googleapis.com/upload/sites/nizhgorodov-980e3/versions/5b6e1bc60a0f32f6/files/8844791ac4dd8462b0dd2e7a25ec085fb72af9ff157587a74f8e0cc4d78e21e1 [stream]
[debug] [2026-06-19T14:20:25.049Z] <<< [apiv2][status] POST https://upload-firebasehosting.googleapis.com/upload/sites/nizhgorodov-980e3/versions/5b6e1bc60a0f32f6/files/576103cb867ef3c9035cd2e4fa789c0b9baa00699ddaa767eddbade25eb2a95c 200
[debug] [2026-06-19T14:20:25.049Z] <<< [apiv2][body] POST https://upload-firebasehosting.googleapis.com/upload/sites/nizhgorodov-980e3/versions/5b6e1bc60a0f32f6/files/576103cb867ef3c9035cd2e4fa789c0b9baa00699ddaa767eddbade25eb2a95c [stream]
[debug] [2026-06-19T14:20:25.050Z] [hosting][upload queue][FINAL] {"max":1961,"min":1287,"avg":1492.095238095238,"active":0,"complete":21,"success":21,"errored":0,"retried":0,"total":21,"elapsed":1965}
[info] i  hosting: upload complete 
[info] ✔  hosting[nizhgorodov-980e3]: file upload complete 
[debug] [2026-06-19T14:20:25.051Z] [hosting] deploy completed after 3496ms
[debug] [2026-06-19T14:20:25.051Z] [
  {
    "config": {
      "public": "build",
      "cleanUrls": true,
      "ignore": [
        "firebase.json",
        "**/.*",
        "**/node_modules/**"
      ],
      "site": "nizhgorodov-980e3"
    },
    "version": "projects/249283010080/sites/nizhgorodov-980e3/versions/5b6e1bc60a0f32f6"
  }
]
[info] i  hosting[nizhgorodov-980e3]: finalizing version... 
[debug] [2026-06-19T14:20:25.052Z] Checked if tokens are valid: true, expires at: 1781879972894
[debug] [2026-06-19T14:20:25.053Z] Checked if tokens are valid: true, expires at: 1781879972894
[debug] [2026-06-19T14:20:25.053Z] >>> [apiv2][query] PATCH https://firebasehosting.googleapis.com/v1beta1/projects/-/sites/nizhgorodov-980e3/versions/5b6e1bc60a0f32f6 updateMask=status%2Cconfig
[debug] [2026-06-19T14:20:25.053Z] >>> [apiv2][body] PATCH https://firebasehosting.googleapis.com/v1beta1/projects/-/sites/nizhgorodov-980e3/versions/5b6e1bc60a0f32f6 {"status":"FINALIZED","config":{"cleanUrls":true}}
[debug] [2026-06-19T14:20:26.532Z] <<< [apiv2][status] PATCH https://firebasehosting.googleapis.com/v1beta1/projects/-/sites/nizhgorodov-980e3/versions/5b6e1bc60a0f32f6 200
[debug] [2026-06-19T14:20:26.533Z] <<< [apiv2][body] PATCH https://firebasehosting.googleapis.com/v1beta1/projects/-/sites/nizhgorodov-980e3/versions/5b6e1bc60a0f32f6 {"name":"projects/249283010080/sites/nizhgorodov-980e3/versions/5b6e1bc60a0f32f6","status":"FINALIZED","config":{"cleanUrls":true},"labels":{"deployment-tool":"cli-firebase"},"createTime":"2026-06-19T14:19:21.084774Z","createUser":{"email":"8900800700a@gmail.com"},"finalizeTime":"2026-06-19T14:20:26.338097Z","finalizeUser":{"email":"8900800700a@gmail.com"}}
[debug] [2026-06-19T14:20:26.533Z] [hosting] finalized version for nizhgorodov-980e3:[object Object]
[info] ✔  hosting[nizhgorodov-980e3]: version finalized 
[info] i  hosting[nizhgorodov-980e3]: releasing new version... 
[debug] [2026-06-19T14:20:26.533Z] Checked if tokens are valid: true, expires at: 1781879972894
[debug] [2026-06-19T14:20:26.533Z] Checked if tokens are valid: true, expires at: 1781879972894
[debug] [2026-06-19T14:20:26.533Z] >>> [apiv2][query] POST https://firebasehosting.googleapis.com/v1beta1/projects/-/sites/nizhgorodov-980e3/channels/live/releases versionName=projects%2F249283010080%2Fsites%2Fnizhgorodov-980e3%2Fversions%2F5b6e1bc60a0f32f6
[debug] [2026-06-19T14:20:26.533Z] >>> [apiv2][body] POST https://firebasehosting.googleapis.com/v1beta1/projects/-/sites/nizhgorodov-980e3/channels/live/releases {}
[debug] [2026-06-19T14:20:28.571Z] <<< [apiv2][status] POST https://firebasehosting.googleapis.com/v1beta1/projects/-/sites/nizhgorodov-980e3/channels/live/releases 200
[debug] [2026-06-19T14:20:28.571Z] <<< [apiv2][body] POST https://firebasehosting.googleapis.com/v1beta1/projects/-/sites/nizhgorodov-980e3/channels/live/releases {"name":"projects/249283010080/sites/nizhgorodov-980e3/channels/live/releases/1781878827353000","version":{"name":"projects/249283010080/sites/nizhgorodov-980e3/versions/5b6e1bc60a0f32f6","status":"FINALIZED","config":{"cleanUrls":true},"labels":{"deployment-tool":"cli-firebase"},"createTime":"2026-06-19T14:19:21.084774Z","createUser":{"email":"8900800700a@gmail.com","imageUrl":"https://lh3.googleusercontent.com/a/ACg8ocL_atsCL6wFE296dBchzV5cZaKTqVlSDOvpAgDzQ1bDpEjiudRv"},"finalizeTime":"2026-06-19T14:20:26.338097Z","finalizeUser":{"email":"8900800700a@gmail.com","imageUrl":"https://lh3.googleusercontent.com/a/ACg8ocL_atsCL6wFE296dBchzV5cZaKTqVlSDOvpAgDzQ1bDpEjiudRv"}},"type":"DEPLOY","releaseTime":"2026-06-19T14:20:27.353Z","releaseUser":{"email":"8900800700a@gmail.com","imageUrl":"https://lh3.googleusercontent.com/a/ACg8ocL_atsCL6wFE296dBchzV5cZaKTqVlSDOvpAgDzQ1bDpEjiudRv"}}
[debug] [2026-06-19T14:20:28.571Z] [hosting] release: {"name":"projects/249283010080/sites/nizhgorodov-980e3/channels/live/releases/1781878827353000","version":{"name":"projects/249283010080/sites/nizhgorodov-980e3/versions/5b6e1bc60a0f32f6","status":"FINALIZED","config":{"cleanUrls":true},"labels":{"deployment-tool":"cli-firebase"},"createTime":"2026-06-19T14:19:21.084774Z","createUser":{"email":"8900800700a@gmail.com","imageUrl":"https://lh3.googleusercontent.com/a/ACg8ocL_atsCL6wFE296dBchzV5cZaKTqVlSDOvpAgDzQ1bDpEjiudRv"},"finalizeTime":"2026-06-19T14:20:26.338097Z","finalizeUser":{"email":"8900800700a@gmail.com","imageUrl":"https://lh3.googleusercontent.com/a/ACg8ocL_atsCL6wFE296dBchzV5cZaKTqVlSDOvpAgDzQ1bDpEjiudRv"}},"type":"DEPLOY","releaseTime":"2026-06-19T14:20:27.353Z","releaseUser":{"email":"8900800700a@gmail.com","imageUrl":"https://lh3.googleusercontent.com/a/ACg8ocL_atsCL6wFE296dBchzV5cZaKTqVlSDOvpAgDzQ1bDpEjiudRv"}}
[info] ✔  hosting[nizhgorodov-980e3]: release complete 
[info] 
[info] ✔  Deploy complete! 
[info] 
[info] Project Console: https://console.firebase.google.com/project/nizhgorodov-980e3/overview
[info] Hosting URL: https://nizhgorodov-980e3.web.app
[debug] [2026-06-19T14:20:38.584Z] Error: Timed out.
    at Timeout._onTimeout (/opt/homebrew/lib/node_modules/firebase-tools/lib/utils.js:308:49)
    at listOnTimeout (node:internal/timers:605:17)
    at process.processTimers (node:internal/timers:541:7)
[error] 
[error] Error: An unexpected error has occurred.
